0_Survived,Age,CabinClassA,CabinClassB,CabinClassC,CabinClassD,CabinClassE,CabinClassF,CabinClassG,CabinClassT,Fare,Gender,NameLuck,Parch,Pclass1,Pclass2,Pclass3,PortC,PortQ,PortS,SibSp
0,0.275,0,0,0,0,0,0,0,0,0.0141510575622,1,-1.0,0.0,0,0,1,0,0,1,0.125
1,0.475,0,0,1,0,0,0,0,0,0.139135735383,0,-1.0,0.0,1,0,0,1,0,0,0.125
1,0.325,0,0,0,0,0,0,0,0,0.015468569818,0,-1.0,0.0,0,0,1,0,0,1,0.0
1,0.4375,0,0,1,0,0,0,0,0,0.103644297456,0,-1.0,0.0,1,0,0,0,0,1,0.125
0,0.4375,0,0,0,0,0,0,0,0,0.0157125535691,1,0.18,0.0,0,0,1,0,0,1,0.0
0,0.3125,0,0,0,0,0,0,0,0,0.0165095020936,1,-1.0,0.0,0,0,1,0,1,0,0.0
0,0.675,0,0,0,0,1,0,0,0,0.10122885832,1,-1.0,0.0,1,0,0,0,0,1,0.0
0,0.025,0,0,0,0,0,0,0,0,0.0411356604308,1,-1.0,0.111111111111,0,0,1,0,0,1,0.375
1,0.3375,0,0,0,0,0,0,0,0,0.0217307543665,0,-1.0,0.222222222222,0,0,1,0,0,1,0.0
1,0.175,0,0,0,0,0,0,0,0,0.058694292654,0,-1.0,0.0,0,1,0,1,0,0,0.125
1,0.05,0,0,0,0,0,0,1,0,0.0325962291433,0,-1.0,0.111111111111,0,0,1,0,0,1,0.125
1,0.725,0,0,1,0,0,0,0,0,0.0518221487278,0,1.0,0.0,1,0,0,0,0,1,0.0
0,0.25,0,0,0,0,0,0,0,0,0.0157125535691,1,0.18,0.0,0,0,1,0,0,1,0.0
0,0.4875,0,0,0,0,0,0,0,0,0.0610447345184,1,-1.0,0.555555555556,0,0,1,0,0,1,0.125
0,0.175,0,0,0,0,0,0,0,0,0.0153303774214,0,-1.0,0.0,0,0,1,0,0,1,0.0
1,0.6875,0,0,0,0,0,0,0,0,0.0312299201373,0,0.7,0.0,0,1,0,0,0,1,0.0
0,0.025,0,0,0,0,0,0,0,0,0.0568482139999,1,-1.0,0.111111111111,0,0,1,0,1,0,0.5
1,0.36875,0,0,0,0,0,0,0,0,0.0253743101115,1,0.25,0.0,0,1,0,0,0,1,0.0
0,0.3875,0,0,0,0,0,0,0,0,0.0351336601544,0,-1.0,0.0,0,0,1,0,0,1,0.125
1,0.275,0,0,0,0,0,0,0,0,0.014102260812,0,-1.0,0.0,0,0,1,1,0,0,0.0
0,0.4375,0,0,0,0,0,0,0,0,0.0507486202231,1,-1.0,0.0,0,1,0,0,0,1,0.0
1,0.425,0,0,0,1,0,0,0,0,0.0253743101115,1,-1.0,0.0,0,1,0,0,0,1,0.0
1,0.1875,0,0,0,0,0,0,0,0,0.0156719546729,0,0.8,0.0,0,0,1,0,1,0,0.0
1,0.35,1,0,0,0,0,0,0,0,0.0692913853046,1,0.25,0.0,1,0,0,0,0,1,0.0
0,0.1,0,0,0,0,0,0,0,0,0.0411356604308,0,-1.0,0.111111111111,0,0,1,0,0,1,0.375
1,0.475,0,0,0,0,0,0,0,0,0.0612643198943,0,-1.0,0.555555555556,0,0,1,0,0,1,0.125
0,0.3125,0,0,0,0,0,0,0,0,0.014102260812,1,-1.0,0.0,0,0,1,1,0,0,0.0
0,0.2375,0,0,1,0,0,0,0,0,0.513341812257,1,0.25,0.222222222222,1,0,0,0,0,1,0.375
1,0.275,0,0,0,0,0,0,0,0,0.0153791741716,0,-1.0,0.0,0,0,1,0,1,0,0.0
0,0.3125,0,0,0,0,0,0,0,0,0.0154115752137,1,-1.0,0.0,0,0,1,0,0,1,0.0
0,0.5,0,0,0,0,0,0,0,0,0.0541073981339,1,-1.0,0.0,1,0,0,1,0,0,0.0
1,0.45,0,1,0,0,0,0,0,0,0.285989555153,0,0.25,0.0,1,0,0,1,0,0,0.125
1,0.275,0,0,0,0,0,0,0,0,0.0151269925665,0,0.7,0.0,0,0,1,0,1,0,0.0
0,0.825,0,0,0,0,0,0,0,0,0.0204946350901,1,-1.0,0.0,0,1,0,0,0,1,0.0
0,0.35,0,0,0,0,0,0,0,0,0.160386720101,1,-1.0,0.0,1,0,0,1,0,0,0.125
0,0.525,0,0,0,0,0,0,0,0,0.101497240446,1,-1.0,0.0,1,0,0,0,0,1,0.125
1,0.3125,0,0,0,0,0,0,0,0,0.014110458666,1,-1.0,0.0,0,0,1,1,0,0,0.0
0,0.2625,0,0,0,0,0,0,0,0,0.0157125535691,1,0.25,0.0,0,0,1,0,0,1,0.0
0,0.225,0,0,0,0,0,0,0,0,0.0351336601544,0,-1.0,0.0,0,0,1,0,0,1,0.25
1,0.175,0,0,0,0,0,0,0,0,0.0219423370755,0,-1.0,0.0,0,0,1,1,0,0,0.125
0,0.5,0,0,0,0,0,0,0,0,0.0184939683313,0,-1.0,0.0,0,0,1,0,0,1,0.125
0,0.3375,0,0,0,0,0,0,0,0,0.0409892701802,0,0.25,0.0,0,1,0,0,0,1,0.125
0,0.3125,0,0,0,0,0,0,0,0,0.0154115752137,1,-1.0,0.0,0,0,1,1,0,0,0.0
1,0.0375,0,0,0,0,0,0,0,0,0.0811571934608,0,-1.0,0.222222222222,0,1,0,1,0,0,0.125
1,0.2375,0,0,0,0,0,0,0,0,0.0153791741716,0,-1.0,0.0,0,0,1,0,1,0,0.0
0,0.3125,0,0,0,0,0,0,0,0,0.0157125535691,1,0.25,0.0,0,0,1,0,0,1,0.0
0,0.3125,0,0,0,0,0,0,0,0,0.030253985133,1,-1.0,0.0,0,0,1,0,1,0,0.125
1,0.275,0,0,0,0,0,0,0,0,0.0151269925665,0,-1.0,0.0,0,0,1,0,1,0,0.0
0,0.3125,0,0,0,0,0,0,0,0,0.04231498029,1,-1.0,0.0,0,0,1,1,0,0,0.25
0,0.225,0,0,0,0,0,0,0,0,0.0347432861527,0,-1.0,0.0,0,0,1,0,0,1,0.125
0,0.0875,0,0,0,0,0,0,0,0,0.0774648409655,1,-1.0,0.111111111111,0,0,1,0,0,1,0.5
0,0.2625,0,0,0,0,0,0,0,0,0.0152245860669,1,-1.0,0.0,0,0,1,0,0,1,0.0
1,0.6125,0,0,0,1,0,0,0,0,0.149765424262,0,0.18,0.0,1,0,0,1,0,0,0.125
1,0.3625,0,0,0,0,0,0,0,0,0.0507486202231,0,1.0,0.0,0,1,0,0,0,1,0.125
0,0.8125,0,1,0,0,0,0,0,0,0.120975341636,1,-1.0,0.111111111111,1,0,0,1,0,0,0.0
1,0.525,0,0,1,0,0,0,0,0,0.0692913853046,1,-1.0,0.0,1,0,0,0,0,1,0.0
1,0.2625,0,0,0,0,0,0,0,0,0.0204946350901,0,-1.0,0.0,0,1,0,0,0,1,0.0
0,0.35625,0,0,0,0,0,0,0,0,0.014110458666,1,-1.0,0.0,0,0,1,1,0,0,0.0
1,0.0625,0,0,0,0,0,0,0,0,0.0541643927381,0,-1.0,0.222222222222,0,1,0,0,0,1,0.125
0,0.1375,0,0,0,0,0,0,0,0,0.0915427034024,1,0.25,0.222222222222,0,0,1,0,0,1,0.625
0,0.275,0,0,0,0,0,0,0,0,0.014110458666,1,-1.0,0.0,0,0,1,1,0,0,0.0
1,0.475,0,1,0,0,0,0,0,0,0.156149600686,0,-1.0,0.0,1,0,0,0,0,0,0.0
0,0.5625,0,0,1,0,0,0,0,0,0.162932348966,1,0.18,0.0,1,0,0,0,0,1,0.125
0,0.05,0,0,0,0,0,0,0,0,0.0544571732394,1,-1.0,0.222222222222,0,0,1,0,0,1,0.375
0,0.525,0,0,0,0,0,0,0,0,0.0541073981339,1,-1.0,0.0,1,0,0,1,0,0,0.0
1,0.3125,0,0,0,0,0,0,0,0,0.0297578197768,1,-1.0,0.111111111111,0,0,1,1,0,0,0.125
1,0.3625,0,0,0,0,0,1,0,0,0.0204946350901,0,1.0,0.0,0,1,0,0,0,1,0.0
0,0.2375,0,0,0,0,0,0,0,0,0.015923941091,1,-1.0,0.0,0,0,1,0,0,1,0.0
1,0.2125,0,0,0,0,0,0,0,0,0.015468569818,0,-1.0,0.222222222222,0,0,1,0,0,1,0.5
0,0.325,0,0,0,0,0,0,0,0,0.0169080739493,1,-1.0,0.0,0,0,1,0,0,1,0.25
0,0.4,0,0,0,0,0,0,0,0,0.0204946350901,1,-1.0,0.0,0,1,0,0,0,1,0.0
0,0.2,0,0,0,0,0,0,0,0,0.0915427034024,0,-1.0,0.222222222222,0,0,1,0,0,1,0.625
0,0.2625,0,0,0,0,0,0,0,0,0.143462445631,1,-1.0,0.0,0,1,0,0,0,1,0.0
0,0.325,0,0,0,0,0,0,0,0,0.028212719478,1,-1.0,0.0,0,0,1,1,0,0,0.125
1,0.4,0,0,0,0,0,0,0,0,0.110272457631,1,-1.0,0.0,0,0,1,0,0,1,0.0
0,0.3125,0,0,0,0,0,1,0,0,0.0149318055656,1,-1.0,0.0,0,0,1,0,0,1,0.0
0,0.3125,0,0,0,0,0,0,0,0,0.0154115752137,1,-1.0,0.0,0,0,1,0,0,1,0.0
0,0.3125,0,0,0,0,0,0,0,0,0.0157125535691,1,-1.0,0.0,0,0,1,0,0,1,0.0
1,0.010375,0,0,0,0,0,0,0,0,0.0566042302488,1,-1.0,0.222222222222,0,1,0,0,0,1,0.0
1,0.375,0,0,0,0,0,0,0,0,0.024349578357,0,1.0,0.0,0,0,1,0,0,1,0.0
0,0.275,0,0,0,0,0,0,0,0,0.0175668300772,1,-1.0,0.0,0,0,1,0,0,1,0.0
1,0.3625,0,0,0,0,0,0,0,0,0.0185427650815,1,-1.0,0.0,0,0,1,0,0,1,0.0
1,0.275,0,0,0,0,0,0,0,0,0.0152001876918,0,-1.0,0.0,0,0,1,0,1,0,0.0
0,0.35,0,0,0,0,0,0,0,0,0.0919330774041,1,-1.0,0.0,1,0,0,0,0,1,0.0
1,0.2125,0,0,0,0,0,0,0,0,0.0204946350901,0,-1.0,0.0,0,1,0,0,0,1,0.0
1,0.4125,0,0,0,0,0,0,0,0,0.030937139636,0,-1.0,0.0,0,0,1,0,0,1,0.375
0,0.2,0,0,0,0,0,0,0,0,0.067095531545,1,0.25,0.333333333333,0,0,1,0,0,1,0.125
0,0.3125,0,0,0,0,0,0,0,0,0.0157125535691,1,-1.0,0.0,0,0,1,0,0,1,0.0
1,0.2875,0,0,1,0,0,0,0,0,0.513341812257,0,-1.0,0.222222222222,1,0,0,0,0,1,0.375
0,0.3,0,0,0,0,0,0,0,0,0.0157125535691,1,-1.0,0.0,0,0,1,0,0,1,0.0
0,0.3625,0,0,0,0,0,0,0,0,0.0157125535691,1,-1.0,0.0,0,0,1,0,0,1,0.0
0,0.25,0,0,0,0,0,0,0,0,0.0153303774214,1,-1.0,0.0,0,0,1,0,0,1,0.0
0,0.575,0,0,0,0,1,0,0,0,0.119405647775,1,-1.0,0.0,1,0,0,0,0,1,0.125
0,0.325,0,0,0,0,0,0,0,0,0.0401597254265,1,-1.0,0.222222222222,0,0,1,0,0,1,0.125
0,0.7375,0,0,0,0,0,0,0,0,0.0141510575622,1,-1.0,0.0,0,0,1,0,0,1,0.0
0,0.3125,0,0,0,0,0,0,0,0,0.0157125535691,1,0.25,0.0,0,0,1,0,0,1,0.0
0,0.8875,1,0,0,0,0,0,0,0,0.0676404936513,1,0.3,0.0,1,0,0,1,0,0,0.0
1,0.2875,0,0,0,1,0,0,0,0,0.123667165565,1,0.25,0.111111111111,1,0,0,1,0,0,0.0
1,0.425,0,0,0,0,0,0,0,0,0.0448930101973,0,-1.0,0.111111111111,0,1,0,0,0,1,0.0
0,0.425,0,0,0,0,0,0,0,0,0.0507486202231,1,-1.0,0.0,0,1,0,0,0,1,0.125
0,0.35,0,0,0,0,0,0,0,0,0.0154115752137,0,-1.0,0.0,0,0,1,0,0,1,0.0
0,0.3125,0,0,0,0,0,0,0,0,0.0154115752137,1,-1.0,0.0,0,0,1,0,0,1,0.0
0,0.2625,0,0,0,1,0,0,0,0,0.150855153288,1,-1.0,0.111111111111,1,0,0,0,0,1,0.0
0,0.4125,0,0,0,0,0,0,0,0,0.0168918734283,1,-1.0,0.0,0,0,1,0,0,1,0.0
0,0.4625,0,0,0,0,0,0,0,0,0.015468569818,1,-1.0,0.0,0,0,1,0,0,1,0.25
0,0.35,0,0,0,0,0,0,0,0,0.0154115752137,1,-1.0,0.0,0,0,1,0,0,1,0.0
1,0.2625,0,0,0,0,0,0,0,0,0.0149318055656,0,0.8,0.0,0,0,1,0,0,1,0.0
1,0.3125,0,0,0,0,0,0,0,0,0.0151757893167,1,-1.0,0.0,0,0,1,0,0,1,0.0
0,0.475,0,0,0,0,0,0,0,0,0.0154115752137,1,-1.0,0.0,0,0,1,0,0,1,0.0
1,0.275,0,0,0,0,0,0,0,0,0.0471376607072,0,-1.0,0.0,0,0,1,0,1,0,0.125
0,0.5875,0,0,1,0,0,0,0,0,0.101497240446,1,-1.0,0.0,1,0,0,0,0,1,0.0
0,0.18125,0,0,0,0,0,0,0,0,0.028212719478,0,-1.0,0.0,0,0,1,1,0,0,0.125
0,0.275,0,0,0,0,0,0,0,0,0.0157125535691,1,-1.0,0.0,0,0,1,0,0,1,0.0
0,0.25,0,0,0,0,0,0,0,0,0.0191771228343,0,-1.0,0.0,0,0,1,0,0,1,0.125
0,0.2125,0,0,0,0,0,0,0,0,0.0282207221451,0,-1.0,0.0,0,0,1,1,0,0,0.0
0,0.2625,0,0,0,0,0,0,0,0,0.015468569818,1,-1.0,0.0,0,0,1,0,0,1,0.0
0,0.88125,0,0,0,0,0,0,0,0,0.0151269925665,1,-1.0,0.0,0,0,1,0,1,0,0.0
0,0.3625,0,0,0,0,0,0,0,0,0.0409892701802,1,0.25,0.0,0,1,0,0,0,1,0.125
0,0.3,0,1,0,0,0,0,0,0,0.48312842602,1,-1.0,0.111111111111,1,0,0,1,0,0,0.0
0,0.025,0,0,0,0,0,0,0,0,0.0610447345184,0,0.8,0.222222222222,0,0,1,0,0,1,0.5
0,0.2625,0,0,0,0,0,0,0,0,0.143462445631,1,0.3,0.0,0,1,0,0,0,1,0.25
0,0.3125,0,0,0,0,0,0,0,0,0.0157125535691,1,0.25,0.0,0,0,1,0,0,1,0.0
0,0.40625,0,0,0,0,0,0,0,0,0.058694292654,1,-1.0,0.0,0,1,0,1,0,0,0.125
1,0.40625,0,0,0,0,1,0,0,0,0.0253743101115,0,-1.0,0.0,0,1,0,0,0,1,0.0
0,0.675,0,0,0,1,0,0,0,0,0.150855153288,1,-1.0,0.111111111111,1,0,0,0,0,1,0.0
1,0.15,0,0,0,0,0,0,0,0,0.0219423370755,1,-1.0,0.0,0,0,1,1,0,0,0.125
0,0.3125,0,0,0,0,0,0,0,0,0.0151269925665,1,-1.0,0.0,0,0,1,0,1,0,0.0
1,0.3,0,0,0,0,0,0,0,0,0.0139396700403,1,-1.0,0.0,0,0,1,0,0,1,0.0
1,0.275,0,0,0,0,0,1,0,0,0.0436404952128,0,0.8,0.111111111111,0,0,1,1,0,0,0.125
0,0.5625,0,0,0,0,0,0,0,0,0.0136142933098,1,-1.0,0.0,0,0,1,0,0,1,0.0
0,0.4125,0,0,0,0,0,0,0,0,0.0154115752137,1,-1.0,0.0,0,0,1,1,0,0,0.0
0,0.25,0,0,0,0,0,0,0,0,0.0137606835605,1,-1.0,0.0,0,0,1,0,0,1,0.0
0,0.5875,0,0,0,0,0,0,0,0,0.0283021151244,0,-1.0,0.0,0,0,1,0,0,1,0.125
1,0.3625,0,0,0,0,0,0,0,0,0.0507486202231,0,-1.0,0.0,0,1,0,0,0,1,0.125
0,0.3125,0,0,0,0,0,0,0,0,0.0253743101115,1,-1.0,0.0,0,1,0,0,0,1,0.0
0,0.2875,0,0,0,0,0,0,0,0,0.0293674457751,1,-1.0,0.0,0,1,0,1,0,0,0.0
1,0.2375,0,0,0,1,0,0,0,0,0.0513015849965,0,-1.0,0.222222222222,1,0,0,0,0,1,0.0
0,0.4625,0,0,1,0,0,0,0,0,0.103644297456,1,-1.0,0.0,1,0,0,0,0,1,0.125
0,0.2,0,0,0,0,0,0,0,0,0.0179898003081,1,-1.0,0.0,0,0,1,0,0,1,0.0
0,0.3,0,1,0,0,0,0,0,0,0.15458810468,1,-1.0,0.0,1,0,0,1,0,0,0.0
0,0.275,0,0,0,0,0,0,0,0,0.0297578197768,0,-1.0,0.222222222222,0,0,1,1,0,0,0.0
1,0.275,0,0,0,0,0,0,0,0,0.0151269925665,0,0.8,0.0,0,0,1,0,0,1,0.0
1,0.3,0,0,0,0,0,0,0,0,0.030937139636,0,-1.0,0.0,0,0,1,0,0,1,0.125
0,0.2375,0,0,0,0,0,0,0,0,0.0131751225579,1,-1.0,0.0,0,0,1,0,1,0,0.0
0,0.225,0,0,0,0,0,0,0,0,0.0224465050987,1,-1.0,0.0,0,1,0,0,0,1,0.0
0,0.2375,0,0,0,0,0,0,0,0,0.0717312228153,1,0.25,0.111111111111,0,1,0,0,0,1,0.125
1,0.3375,0,0,0,0,0,0,0,0,0.0152163882129,1,-1.0,0.0,0,0,1,0,0,1,0.0
0,0.1125,0,0,0,0,0,0,0,0,0.067095531545,0,-1.0,0.222222222222,0,0,1,0,0,1,0.25
0,0.45625,0,0,0,0,0,1,0,0,0.0507486202231,1,-1.0,0.222222222222,0,1,0,0,0,1,0.0
0,0.525,0,0,0,0,0,0,0,0,0.0253743101115,1,0.18,0.0,0,1,0,0,0,1,0.0
0,0.6375,0,0,0,0,0,0,0,0,0.0244471718575,1,-1.0,0.0,0,1,0,0,0,1,0.0
1,0.275,0,0,1,0,0,0,0,0,0.129994542571,0,0.18,0.0,1,0,0,0,0,1,0.125
0,0.69375,0,0,0,0,0,0,0,0,0.0157125535691,1,-1.0,0.0,0,0,1,0,0,1,0.0
0,0.50625,0,0,0,0,0,0,0,0,0.0283021151244,1,-1.0,0.222222222222,0,0,1,0,0,1,0.0
0,0.3125,0,0,0,0,0,0,0,0,0.0142730494377,1,-1.0,0.0,0,0,1,0,0,1,0.0
0,0.6375,0,0,0,0,0,0,0,0,0.119804219631,1,0.25,0.111111111111,1,0,0,1,0,0,0.0
1,0.2,0,0,0,0,0,0,0,0,0.0150943963374,0,-1.0,0.0,0,0,1,0,1,0,0.0
0,0.375,0,0,0,0,0,0,0,0,0.0157125535691,1,-1.0,0.0,0,0,1,0,0,1,0.0
0,0.3125,0,0,0,0,0,0,0,0,0.0169080739493,1,-1.0,0.0,0,0,1,0,0,1,0.0
0,0.3125,0,0,0,0,0,0,0,0,0.135752559097,1,0.18,0.222222222222,0,0,1,0,0,1,1.0
0,0.55,0,0,0,0,0,0,0,0,0.0314251071381,1,-1.0,0.111111111111,0,0,1,0,0,1,0.0
1,0.5,0,0,0,0,0,0,0,0,0.0307419526351,0,1.0,0.0,0,1,0,0,0,1,0.0
0,0.325,0,0,0,0,0,0,0,0,0.0151757893167,1,-1.0,0.0,0,0,1,0,0,1,0.0
0,0.2125,0,0,0,0,0,0,0,0,0.0169080739493,1,-1.0,0.0,0,0,1,0,0,1,0.0
0,0.0125,0,0,0,0,0,0,0,0,0.0774648409655,1,-1.0,0.111111111111,0,0,1,0,0,1,0.5
1,0.1125,0,0,0,0,0,0,0,0,0.0400621319261,1,0.25,0.222222222222,0,0,1,0,0,1,0.0
1,0.45,0,0,0,0,1,0,0,0,0.107352850472,0,-1.0,0.111111111111,1,0,0,0,0,1,0.0
0,0.5625,0,0,0,0,0,0,0,0,0.0544571732394,0,0.25,0.444444444444,0,0,1,0,0,1,0.125
0,0.525,0,0,0,0,0,0,0,0,0.0506022299724,1,-1.0,0.0,1,0,0,0,0,1,0.0
0,0.35,0,0,0,0,0,0,0,0,0.110272457631,1,-1.0,0.0,0,0,1,0,0,1,0.0
0,0.7625,0,1,0,0,0,0,0,0,0.0653876452874,1,-1.0,0.0,1,0,0,0,0,1,0.0
0,0.05,0,0,0,0,0,0,0,0,0.0568482139999,1,-1.0,0.111111111111,0,0,1,0,1,0,0.5
1,0.0125,0,0,0,0,0,0,0,0,0.0217307543665,0,-1.0,0.111111111111,0,0,1,0,0,1,0.125
0,0.2625,0,0,0,0,0,0,0,0,0.015468569818,1,-1.0,0.0,0,0,1,0,0,1,0.0
0,0.7,1,0,0,0,0,0,0,0,0.0599142114094,1,-1.0,0.0,1,0,0,1,0,0,0.0
0,0.225,0,0,0,0,0,0,0,0,0.0153303774214,1,-1.0,0.111111111111,0,0,1,0,0,1,0.125
0,0.3125,0,0,0,0,0,0,0,0,0.0497076879475,1,0.18,0.111111111111,0,0,1,0,0,1,0.375
0,0.625,0,0,1,0,0,0,0,0,0.0560430676214,0,1.0,0.0,1,0,0,1,0,0,0.0
0,0.375,0,0,0,0,0,0,0,0,0.0253743101115,1,-1.0,0.0,0,1,0,0,0,1,0.0
0,0.45,0,0,0,0,0,0,0,0,0.0,1,-1.0,0.0,0,0,1,0,0,1,0.0
0,0.275,0,0,0,0,0,0,0,0,0.135752559097,0,-1.0,0.222222222222,0,0,1,0,0,1,1.0
0,0.36875,0,0,0,0,0,0,0,0,0.0293756436291,1,-1.0,0.0,0,1,0,1,0,0,0.0
0,0.1125,0,0,0,0,0,0,0,0,0.0612643198943,1,-1.0,0.222222222222,0,0,1,0,0,1,0.5
1,0.0125,0,0,0,0,0,1,0,0,0.0761229303346,1,-1.0,0.111111111111,0,1,0,0,0,1,0.25
1,0.05,0,0,0,0,0,0,0,0,0.042989936939,0,-1.0,0.222222222222,0,0,1,0,0,1,0.0
0,0.525,1,0,0,0,0,0,0,0,0.097593500429,1,-1.0,0.0,1,0,0,0,0,1,0.0
1,0.275,0,0,0,0,0,0,0,0,0.030253985133,0,0.18,0.0,0,0,1,0,1,0,0.125
1,0.5625,0,0,0,0,0,0,0,0,0.0518221487278,1,0.25,0.0,1,0,0,0,0,1,0.0
0,0.5,0,0,0,0,0,0,0,0,0.030253985133,1,-1.0,0.111111111111,0,0,1,0,1,0,0.125
0,0.45,0,0,0,0,0,0,0,0,0.0154115752137,1,-1.0,0.0,0,0,1,0,0,1,0.0
1,0.4,0,0,0,0,0,0,0,0,0.0253743101115,0,-1.0,0.0,0,1,0,0,0,1,0.0
0,0.2375,0,0,0,0,0,0,0,0,0.0253743101115,1,0.25,0.0,0,1,0,0,0,1,0.0
1,0.2375,0,0,0,0,0,0,0,0,0.0153303774214,0,-1.0,0.0,0,0,1,0,0,1,0.125
1,0.0375,0,0,0,0,0,1,0,0,0.0507486202231,1,-1.0,0.111111111111,0,1,0,0,0,1,0.125
1,0.55,0,1,0,0,0,0,0,0,0.0541073981339,0,-1.0,0.0,1,0,0,1,0,0,0.0
1,0.725,0,1,0,0,0,0,0,0,0.285989555153,0,-1.0,0.0,1,0,0,1,0,0,0.0
0,0.3125,0,0,0,0,0,0,0,0,0.0151269925665,1,-1.0,0.0,0,0,1,0,1,0,0.0
0,0.525,0,0,0,0,0,0,0,0,0.0164039059261,1,-1.0,0.111111111111,0,0,1,0,0,1,0.0
1,0.275,0,0,0,0,0,0,0,0,0.0151269925665,0,-1.0,0.0,0,0,1,0,1,0,0.0
0,0.3,0,0,0,0,0,0,0,0,0.0253743101115,0,-1.0,0.0,0,1,0,0,0,1,0.0
0,0.35,0,0,0,0,0,0,0,0,0.0185427650815,1,-1.0,0.0,0,0,1,0,0,1,0.0
0,0.3125,0,0,0,0,0,0,0,0,0.135752559097,1,-1.0,0.222222222222,0,0,1,0,0,1,1.0
0,0.425,0,0,0,0,0,0,0,0,0.0126789572017,1,-1.0,0.0,0,0,1,0,0,1,0.0
0,0.56875,0,0,0,0,0,0,0,0,0.014102260812,1,-1.0,0.0,0,0,1,1,0,0,0.0
1,0.225,0,0,0,0,0,0,0,0,0.0157125535691,1,-1.0,0.0,0,0,1,0,0,1,0.0
0,0.025,0,0,0,0,0,0,1,0,0.0204214399648,0,-1.0,0.111111111111,0,0,1,0,0,1,0.0
0,0.4,0,0,0,0,0,0,0,0,0.030937139636,1,-1.0,0.0,0,0,1,0,0,1,0.125
1,0.325,0,0,0,0,0,0,0,0,0.0366707577862,1,-1.0,0.0,0,0,1,1,0,0,0.0
1,0.2,0,0,0,0,0,0,0,0,0.0151269925665,0,-1.0,0.0,0,0,1,0,1,0,0.0
1,0.5,1,0,0,0,0,0,0,0,0.060507970266,1,0.18,0.0,1,0,0,1,0,0,0.0
0,0.3,0,0,0,0,0,0,0,0,0.0137606835605,1,-1.0,0.0,0,0,1,0,0,1,0.0
1,0.4375,0,0,0,0,0,0,0,0,0.0409892701802,0,-1.0,0.0,0,1,0,0,0,1,0.0
0,0.275,0,0,0,0,0,0,0,0,0.0141510575622,1,0.18,0.0,0,0,1,0,0,1,0.0
0,0.375,0,0,0,0,0,0,0,0,0.0253743101115,1,-1.0,0.0,0,1,0,0,0,1,0.0
0,0.3125,0,0,0,0,0,0,0,0,0.0151269925665,1,-1.0,0.0,0,0,1,0,1,0,0.125
1,0.3875,0,0,0,1,0,0,0,0,0.221098075222,0,-1.0,0.0,1,0,0,1,0,0,0.125
1,0.3375,0,0,0,0,0,0,0,0,0.015468569818,0,-1.0,0.0,0,0,1,0,0,1,0.0
0,0.525,0,0,0,0,0,0,0,0,0.0527004902317,1,-1.0,0.0,0,1,0,0,0,1,0.125
1,0.4,0,0,0,1,0,0,0,0,0.148911481134,0,-1.0,0.0,1,0,0,1,0,0,0.0
0,0.375,0,0,0,0,0,0,0,0,0.0204946350901,1,-1.0,0.0,0,1,0,0,0,1,0.0
1,0.2,0,0,0,0,0,0,0,0,0.0157125535691,1,-1.0,0.0,0,0,1,0,0,1,0.0
0,0.3375,0,0,0,0,0,0,0,0,0.0253743101115,1,-1.0,0.0,0,1,0,0,0,1,0.0
0,0.6375,0,0,0,0,0,0,0,0,0.0157125535691,1,0.18,0.0,0,0,1,0,0,1,0.0
0,0.3125,0,0,0,0,0,0,0,0,0.0154115752137,1,-1.0,0.0,0,0,1,0,0,1,0.0
1,0.475,0,0,1,0,0,0,0,0,0.175668300772,1,-1.0,0.0,1,0,0,0,0,1,0.125
0,0.275,0,0,0,0,0,0,0,0,0.0182499845802,1,-1.0,0.0,0,0,1,0,0,1,0.0
1,0.2375,0,0,0,0,0,0,0,0,0.0204946350901,1,0.25,0.0,0,1,0,0,0,1,0.0
0,0.25625,0,0,0,0,0,0,0,0,0.0141510575622,1,0.18,0.0,0,0,1,0,0,1,0.0
0,0.225,0,0,0,0,0,0,0,0,0.0253743101115,1,-1.0,0.0,0,1,0,0,0,1,0.0
0,0.275,0,0,0,0,0,0,0,0,0.0497076879475,0,-1.0,0.111111111111,0,0,1,0,0,1,0.375
1,0.4375,0,0,1,0,0,0,0,0,0.162932348966,0,0.18,0.0,1,0,0,0,0,1,0.125
0,0.3625,0,0,0,0,0,0,0,0,0.0151757893167,1,-1.0,0.0,0,0,1,0,0,1,0.0
0,0.7375,0,0,0,0,0,0,0,0,0.0263502451158,1,-1.0,0.0,0,1,0,0,0,1,0.0
1,0.0625,0,0,0,0,0,0,0,0,0.0612643198943,0,-1.0,0.222222222222,0,0,1,0,0,1,0.5
0,0.3,0,0,0,0,0,0,0,0,0.0204946350901,1,0.25,0.0,0,1,0,0,0,1,0.0
0,0.275,0,0,0,0,0,0,0,0,0.0147366185648,0,-1.0,0.0,0,0,1,0,0,1,0.0
0,0.55,0,0,0,0,0,0,0,0,0.0507486202231,1,-1.0,0.0,0,1,0,0,0,1,0.125
1,0.1,0,0,0,0,0,0,0,0,0.0512365877252,0,-1.0,0.222222222222,0,1,0,0,0,1,0.0
0,0.2375,0,0,0,0,0,0,0,0,0.0204946350901,1,0.25,0.0,0,1,0,0,0,1,0.0
0,0.4125,0,0,0,0,0,0,0,0,0.0239592043553,1,0.18,0.0,0,1,0,0,0,1,0.0
0,0.275,0,0,0,0,0,0,0,0,0.028212719478,0,-1.0,0.0,0,0,1,1,0,0,0.125
1,0.275,0,0,0,0,0,0,0,0,0.030253985133,0,-1.0,0.0,0,0,1,0,1,0,0.125
0,0.3625,0,0,0,0,0,0,0,0,0.0204946350901,1,0.25,0.0,0,1,0,0,0,1,0.0
0,0.275,0,0,0,0,0,0,0,0,0.0139070738111,1,-1.0,0.0,0,0,1,0,0,1,0.0
0,0.375,0,0,0,0,0,0,0,0,0.014102260812,1,-1.0,0.0,0,0,1,1,0,0,0.0
0,0.55,0,0,1,0,0,0,0,0,0.175668300772,1,0.25,0.0,1,0,0,0,1,0,0.25
0,0.3125,0,0,0,0,0,0,0,0,0.0151757893167,0,-1.0,0.0,0,0,1,0,0,1,0.0
1,0.3,0,0,0,0,0,0,0,0,0.0283021151244,0,0.25,0.222222222222,0,1,0,0,0,1,0.0
1,0.4625,0,0,0,1,0,0,0,0,0.102578966805,1,-1.0,0.111111111111,1,0,0,0,0,1,0.125
0,0.675,0,0,0,0,0,0,0,0,0.0507486202231,1,-1.0,0.0,0,1,0,0,0,1,0.125
0,0.3125,0,0,0,0,0,0,0,0,0.0141510575622,1,0.3,0.0,0,0,1,0,0,1,0.0
0,0.3625,0,0,0,0,0,0,1,0,0.0204214399648,0,-1.0,0.111111111111,0,0,1,0,0,1,0.125
0,0.775,0,0,1,0,0,0,0,0,0.0518221487278,1,0.18,0.0,1,0,0,0,0,1,0.0
0,0.375,0,0,0,0,0,0,0,0,0.0314251071381,1,0.25,0.0,0,0,1,0,0,1,0.125
0,0.5125,0,0,0,0,0,0,0,0,0.0394521725484,0,-1.0,0.222222222222,0,0,1,0,0,1,0.0
1,0.3625,0,0,0,0,0,0,0,0,0.0297578197768,0,-1.0,0.222222222222,0,0,1,1,0,0,0.0
1,0.45,0,0,0,0,0,0,0,0,0.15458810468,0,-1.0,0.0,1,0,0,1,0,0,0.0
1,0.375,0,1,0,0,0,0,0,0,0.168836755742,0,-1.0,0.0,1,0,0,0,0,1,0.0
1,0.4375,0,0,0,0,0,0,0,0,1.0,0,0.8,0.0,1,0,0,1,0,0,0.0
1,0.625,0,0,0,0,0,0,0,0,0.0507486202231,0,-1.0,0.111111111111,0,1,0,0,0,1,0.0
0,0.3125,0,0,0,0,0,0,0,0,0.0151269925665,1,0.18,0.0,0,0,1,0,1,0,0.0
1,0.0375,0,0,0,0,0,0,0,0,0.0612643198943,1,-1.0,0.222222222222,0,0,1,0,0,1,0.5
0,0.65,0,0,0,0,1,0,0,0,0.155466446183,1,-1.0,0.111111111111,1,0,0,0,0,1,0.125
0,0.5,0,1,0,0,0,0,0,0,0.0,1,0.25,0.0,1,0,0,0,0,1,0.0
0,0.275,0,0,0,0,0,0,0,0,0.0151269925665,0,0.18,0.0,0,0,1,0,1,0,0.0
0,0.45,0,0,0,0,0,0,0,0,0.0204946350901,1,-1.0,0.0,0,1,0,0,0,1,0.0
0,0.2,0,0,0,0,0,0,0,0,0.0774648409655,1,-1.0,0.111111111111,0,0,1,0,0,1,0.5
1,0.3125,0,0,0,0,0,0,0,0,0.0151757893167,1,-1.0,0.0,0,0,1,0,0,1,0.125
1,0.725,0,0,1,0,0,0,0,0,0.299538851192,0,0.25,0.111111111111,1,0,0,0,0,1,0.0
1,0.4375,0,0,1,0,0,0,0,0,0.264738570435,0,-1.0,0.0,1,0,0,0,0,1,0.0
0,0.525,0,0,0,0,0,0,0,0,0.060507970266,1,-1.0,0.0,1,0,0,0,0,1,0.0
1,0.3125,0,0,0,0,0,0,0,0,0.0,1,0.18,0.0,0,0,1,0,0,1,0.0
1,0.5125,0,0,0,0,0,0,0,0,0.0380614651673,0,1.0,0.111111111111,0,1,0,0,0,1,0.0
0,0.4625,0,0,1,0,0,0,0,0,0.0579705392548,1,0.25,0.111111111111,1,0,0,1,0,0,0.0
1,0.275,0,0,0,0,0,0,0,0,0.0151269925665,0,-1.0,0.0,0,0,1,0,1,0,0.0
1,0.7875,0,0,0,1,0,0,0,0,0.15216446769,0,-1.0,0.0,1,0,0,0,0,1,0.125
0,0.5625,0,0,0,0,0,0,0,0,0.0151269925665,0,-1.0,0.0,0,0,1,0,0,1,0.0
0,0.36875,0,0,0,0,0,0,0,0,0.0,1,-1.0,0.0,0,1,0,0,0,1,0.0
0,0.0875,0,0,0,0,0,0,0,0,0.0568482139999,1,-1.0,0.111111111111,0,0,1,0,1,0,0.5
1,0.4375,0,0,0,0,0,0,0,0,0.0395253676738,0,-1.0,0.111111111111,0,0,1,0,0,1,0.125
0,0.8125,0,0,0,0,0,0,0,0,0.0151269925665,1,-1.0,0.0,0,0,1,0,1,0,0.0
0,0.35,0,0,0,0,0,0,0,0,0.0153303774214,1,-1.0,0.0,0,0,1,0,0,1,0.0
0,0.2,0,0,0,0,0,0,0,0,0.0185427650815,1,-1.0,0.0,0,0,1,0,0,1,0.0
1,0.2375,0,0,0,0,0,0,0,0,0.0157125535691,1,-1.0,0.0,0,0,1,0,0,1,0.0
0,0.525,1,0,0,0,0,0,0,0,0.0507486202231,1,0.25,0.0,1,0,0,0,0,1,0.0
0,0.4125,0,0,0,0,0,0,0,0,0.0169080739493,1,-1.0,0.0,0,0,1,1,0,0,0.0
1,0.375,0,0,0,0,0,0,0,0,0.0185427650815,1,-1.0,0.0,0,0,1,0,0,1,0.0
0,0.275,0,0,0,0,0,0,0,0,0.0154115752137,1,-1.0,0.0,0,0,1,0,0,1,0.0
1,0.525,0,0,0,0,0,0,0,0,0.0253743101115,1,-1.0,0.0,0,1,0,0,0,1,0.0
1,0.275,0,0,0,0,0,0,0,0,0.0151269925665,0,-1.0,0.0,0,0,1,0,1,0,0.0
1,0.325,0,0,0,0,0,0,0,0,0.153904950177,0,-1.0,0.0,1,0,0,0,0,1,0.0
1,0.2375,0,1,0,0,0,0,0,0,0.177774758885,0,-1.0,0.0,1,0,0,1,0,0,0.125
0,0.45,0,0,0,1,0,0,0,0,0.0251303263605,1,-1.0,0.0,0,1,0,1,0,0,0.0
0,0.3,0,0,0,0,0,0,0,0,0.0172740495759,0,-1.0,0.0,0,0,1,0,0,1,0.0
0,0.3,0,0,0,0,0,0,0,0,0.0154115752137,1,-1.0,0.0,0,0,1,0,0,1,0.0
0,0.525,0,0,0,0,0,0,0,0,0.0541073981339,1,-1.0,0.0,1,0,0,1,0,0,0.0
0,0.29375,0,0,0,0,0,0,0,0,0.014110458666,1,-1.0,0.0,0,0,1,1,0,0,0.0
0,0.025,0,0,1,0,0,0,0,0,0.2958058998,0,-1.0,0.222222222222,1,0,0,0,0,1,0.125
1,0.525,0,0,1,0,0,0,0,0,0.0595320352617,1,-1.0,0.0,1,0,0,0,0,1,0.0
1,0.625,0,1,0,0,0,0,0,0,0.48312842602,0,-1.0,0.111111111111,1,0,0,1,0,0,0.0
1,0.275,0,0,0,0,0,0,0,0,0.0151269925665,0,0.8,0.0,0,0,1,0,1,0,0.0
1,0.3125,0,0,0,0,0,0,0,0,0.0453809776995,1,-1.0,0.0,0,0,1,0,1,0,0.25
0,0.2375,0,0,0,0,0,0,0,0,0.0,1,0.25,0.0,0,0,1,0,0,1,0.0
1,0.35,0,0,0,0,1,0,0,0,0.024105594606,0,-1.0,0.0,0,1,0,0,1,0,0.0
0,0.3125,0,0,0,0,0,0,0,0,0.0157125535691,1,0.25,0.0,0,0,1,0,0,1,0.0
1,0.0115,0,0,1,0,0,0,0,0,0.2958058998,1,-1.0,0.222222222222,1,0,0,0,0,1,0.125
1,0.45,0,0,0,0,0,0,0,0,0.216429787722,0,-1.0,0.0,1,0,0,1,0,0,0.0
1,0.2125,0,0,1,0,0,0,0,0,0.212558643934,0,-1.0,0.0,1,0,0,1,0,0,0.125
0,0.375,0,0,0,0,0,0,0,0,0.0468448802059,1,-1.0,0.0,0,1,0,1,0,0,0.125
1,0.375,0,0,0,0,1,0,0,0,0.111118398092,0,-1.0,0.0,1,0,0,1,0,0,0.0
1,0.3,0,0,1,0,0,0,0,0,0.162314191735,0,-1.0,0.0,1,0,0,1,0,0,0.0
1,0.225,0,1,0,0,0,0,0,0,0.512121893501,0,-1.0,0.222222222222,1,0,0,1,0,0,0.25
0,0.325,0,0,0,0,0,0,0,0,0.0507486202231,0,0.25,0.111111111111,0,1,0,0,0,1,0.125
0,0.35,0,0,0,0,0,0,0,0,0.0154115752137,1,-1.0,0.0,0,0,1,0,0,1,0.0
0,0.5375,0,0,0,0,0,0,0,0,0.0512365877252,1,-1.0,0.111111111111,0,1,0,0,0,1,0.125
1,0.325,0,0,0,0,0,0,0,0,0.0153303774214,0,-1.0,0.0,0,0,1,0,0,1,0.0
1,0.3,0,0,0,0,0,0,0,0,0.0507486202231,0,-1.0,0.0,0,1,0,0,0,1,0.125
0,0.675,0,0,0,0,0,0,0,0,0.0273261801201,1,-1.0,0.0,0,1,0,0,0,1,0.0
1,0.3875,0,0,1,0,0,0,0,0,0.321798367144,0,0.7,0.222222222222,1,0,0,0,0,1,0.0
1,0.5,0,0,0,0,1,0,0,0,0.262526516154,0,-1.0,0.111111111111,1,0,0,1,0,0,0.125
0,0.275,0,0,0,0,0,0,0,0,0.0141510575622,1,-1.0,0.0,0,0,1,0,0,1,0.0
0,0.3375,0,0,0,0,0,0,0,0,0.0154115752137,1,-1.0,0.0,0,0,1,0,0,1,0.0
1,0.375,0,0,0,0,0,0,0,0,0.024105594606,0,0.7,0.0,0,1,0,0,1,0,0.0
1,0.275,0,0,0,0,0,0,0,0,0.0566042302488,0,-1.0,0.111111111111,0,1,0,0,0,1,0.125
0,0.3125,0,0,0,0,0,0,0,0,0.135752559097,1,0.3,0.222222222222,0,0,1,0,0,1,1.0
1,0.45,0,0,1,0,0,0,0,0,0.264738570435,0,-1.0,0.0,1,0,0,1,0,0,0.0
0,0.7625,0,0,0,0,0,0,0,0,0.0121747891785,1,-1.0,0.0,0,0,1,0,0,1,0.0
1,0.45,0,0,0,1,0,0,0,0,0.0253743101115,0,-1.0,0.0,0,1,0,0,0,1,0.0
1,0.3875,0,0,0,0,0,0,0,0,0.0400621319261,0,-1.0,0.111111111111,0,0,1,0,0,1,0.125
1,0.2,0,1,0,0,0,0,0,0,0.113167861601,0,-1.0,0.111111111111,1,0,0,1,0,0,0.0
1,0.275,0,0,0,0,0,0,0,0,0.0453809776995,0,-1.0,0.0,0,0,1,0,1,0,0.25
0,0.56875,0,0,1,0,0,0,0,0,0.0556282952445,1,-1.0,0.0,1,0,0,0,0,1,0.0
0,0.475,0,0,1,0,0,0,0,0,0.299538851192,1,0.3,0.111111111111,1,0,0,0,0,1,0.0
0,0.2,0,0,0,0,0,0,0,0,0.0351336601544,1,-1.0,0.0,0,0,1,0,0,1,0.25
1,0.45,0,0,0,0,0,0,0,0,0.260867426647,0,0.18,0.0,1,0,0,0,0,1,0.125
0,0.3125,0,0,0,0,0,0,0,0,0.0154115752137,1,-1.0,0.0,0,0,1,0,0,1,0.0
0,0.3625,0,0,1,0,0,0,0,0,0.129994542571,1,0.18,0.0,1,0,0,0,0,1,0.125
1,0.5125,0,0,0,0,1,0,0,0,0.262526516154,0,1.0,0.0,1,0,0,1,0,0,0.0
1,0.5625,0,0,0,0,0,0,0,0,0.0157125535691,1,-1.0,0.0,0,0,1,0,0,1,0.0
0,0.5625,0,0,0,0,0,0,0,1,0.0692913853046,1,-1.0,0.0,1,0,0,0,0,1,0.0
1,0.025,0,0,0,0,0,1,0,0,0.0507486202231,1,-1.0,0.111111111111,0,1,0,0,0,1,0.125
1,0.3,0,0,1,0,0,0,0,0,0.513341812257,0,1.0,0.222222222222,1,0,0,0,0,1,0.375
0,0.35,0,0,0,0,0,0,0,0,0.0253743101115,1,-1.0,0.0,0,1,0,0,0,1,0.0
0,0.3125,0,0,0,0,0,0,0,0,0.0253743101115,1,0.25,0.0,0,1,0,0,0,1,0.0
0,0.45,0,0,0,0,0,0,0,0,0.0253743101115,1,-1.0,0.0,0,1,0,0,0,1,0.0
1,0.3,0,0,0,0,0,1,0,0,0.0253743101115,0,-1.0,0.0,0,1,0,0,0,1,0.0
1,0.5,0,0,0,0,0,0,0,0,0.0253743101115,0,-1.0,0.0,0,1,0,0,0,1,0.0
1,0.275,0,0,0,0,0,0,0,0,0.0314251071381,0,0.18,0.0,0,0,1,0,0,1,0.125
1,0.0375,0,0,0,0,0,0,0,0,0.0310347331364,1,0.25,0.111111111111,0,0,1,0,0,1,0.125
0,0.525,0,0,0,0,0,0,0,0,0.0169080739493,1,-1.0,0.0,0,0,1,0,0,1,0.0
0,0.2875,0,0,0,0,0,0,0,0,0.0180060008292,1,-1.0,0.0,0,0,1,0,0,1,0.0
0,0.525,0,0,1,0,0,0,0,0,0.0683154503003,1,0.25,0.0,1,0,0,0,0,1,0.0
0,0.1875,0,0,0,0,0,0,0,0,0.014110458666,1,-1.0,0.111111111111,0,0,1,1,0,0,0.125
0,0.3125,0,0,0,0,0,0,0,0,0.0347432861527,1,-1.0,0.0,0,0,1,0,0,1,0.125
0,0.3125,0,0,0,0,0,0,0,0,0.014102260812,1,-1.0,0.0,0,0,1,1,0,0,0.0
0,0.35,0,0,0,0,0,0,0,0,0.0185427650815,1,-1.0,0.0,0,0,1,0,0,1,0.0
1,0.275,0,0,0,0,1,0,0,0,0.107352850472,0,-1.0,0.111111111111,1,0,0,0,0,1,0.0
0,0.475,0,0,0,0,0,0,0,0,0.0253743101115,0,-1.0,0.0,0,1,0,0,0,1,0.0
1,0.275,0,0,0,0,0,0,0,0,0.0153791741716,0,0.7,0.0,0,0,1,0,1,0,0.0
1,0.275,0,0,0,0,0,0,0,0,0.0153791741716,0,0.7,0.0,0,0,1,0,1,0,0.0
0,0.5,0,0,0,0,0,0,0,0,0.0544571732394,1,-1.0,0.444444444444,0,0,1,0,0,1,0.125
0,0.3625,0,0,0,0,0,0,0,0,0.0541073981339,1,-1.0,0.0,0,1,0,1,0,0,0.125
0,0.5625,0,0,0,0,0,0,0,0,0.028212719478,0,-1.0,0.111111111111,0,0,1,1,0,0,0.0
0,0.4375,0,0,0,0,0,0,0,0,0.0137606835605,1,-1.0,0.0,0,0,1,0,0,1,0.0
0,0.3125,0,0,0,0,0,0,0,0,0.030253985133,1,0.18,0.0,0,0,1,0,1,0,0.125
0,0.375,0,0,0,0,0,0,0,0,0.0141510575622,1,-1.0,0.0,0,0,1,0,0,1,0.0
1,0.75,0,0,0,1,0,0,0,0,0.146878218146,0,0.8,0.0,1,0,0,1,0,0,0.125
1,0.275,0,0,0,0,0,0,0,0,0.014110458666,0,-1.0,0.0,0,0,1,1,0,0,0.0
1,0.275,0,0,0,0,0,0,0,0,0.0151269925665,0,-1.0,0.0,0,0,1,0,1,0,0.0
1,0.3,0,1,0,0,0,0,0,0,0.135264591595,0,-1.0,0.0,1,0,0,1,0,0,0.0
1,0.3125,0,0,0,0,1,0,0,0,0.108214991455,1,0.3,0.0,1,0,0,1,0,0,0.125
0,0.225,0,0,0,0,0,0,0,0,0.0126789572017,1,-1.0,0.0,0,0,1,0,0,1,0.125
0,0.2375,0,0,0,0,0,0,0,0,0.0157125535691,1,0.18,0.0,0,0,1,0,0,1,0.0
0,0.275,0,0,0,0,0,0,0,0,0.264738570435,1,-1.0,0.0,1,0,0,1,0,0,0.0
0,0.0375,0,0,0,0,0,0,0,0,0.0411356604308,0,-1.0,0.111111111111,0,0,1,0,0,1,0.375
1,0.45,0,0,0,0,0,0,0,0,0.160386720101,0,-1.0,0.0,1,0,0,1,0,0,0.125
1,0.275,0,0,0,0,0,0,0,0,0.0141510575622,0,-1.0,0.0,0,0,1,0,0,1,0.0
0,0.3375,0,0,1,0,0,0,0,0,0.412820506815,1,-1.0,0.222222222222,1,0,0,1,0,0,0.0
0,0.25,0,0,0,0,0,0,0,0,0.00783187840943,1,-1.0,0.0,0,0,1,1,0,0,0.0
0,0.2375,0,0,0,0,0,0,0,0,0.0151757893167,1,-1.0,0.0,0,0,1,0,0,1,0.0
1,0.525,0,0,0,0,0,0,0,0,0.444099223702,0,-1.0,0.0,1,0,0,1,0,0,0.0
1,0.0125,0,0,0,0,0,0,0,0,0.0307257521141,0,0.7,0.222222222222,0,0,1,1,0,0,0.0
0,0.4,0,0,0,0,0,0,0,0,0.015468569818,1,-1.0,0.0,0,0,1,0,0,1,0.0
1,0.4375,0,0,0,0,0,0,0,0,0.101497240446,0,0.7,0.0,1,0,0,0,0,1,0.125
0,0.3125,0,0,0,0,0,0,0,0,0.0154115752137,1,-1.0,0.0,0,0,1,0,0,1,0.0
0,0.225,0,0,0,0,0,0,0,0,0.143462445631,1,0.18,0.0,0,1,0,0,0,1,0.0
0,0.0125,0,0,0,0,0,0,0,0,0.0915427034024,1,-1.0,0.222222222222,0,0,1,0,0,1,0.625
1,0.45,0,0,0,0,0,0,0,0,0.0253743101115,0,-1.0,0.0,0,1,0,0,0,1,0.0
0,0.3125,0,0,0,0,0,0,0,0,0.0150863936703,1,-1.0,0.0,0,0,1,0,1,0,0.0
1,0.2125,0,0,0,0,0,0,0,0,0.023422440103,0,-1.0,0.0,0,1,0,1,0,0,0.0
1,0.45,0,1,0,0,0,0,0,0,0.23422440103,1,0.25,0.222222222222,1,0,0,0,0,1,0.125
1,0.2625,0,0,0,0,0,0,0,0,0.0152163882129,1,-1.0,0.0,0,0,1,0,0,1,0.0
0,0.35,0,0,0,0,0,0,0,0,0.015468569818,1,-1.0,0.0,0,0,1,0,0,1,0.25
1,0.2875,0,0,0,1,0,0,0,0,0.221098075222,0,-1.0,0.0,1,0,0,1,0,0,0.125
1,0.3,0,0,0,0,0,0,1,0,0.0325962291433,0,-1.0,0.222222222222,0,0,1,0,0,1,0.0
0,0.275,0,0,0,0,0,0,0,0,0.0152163882129,1,-1.0,0.0,0,0,1,0,0,1,0.0
0,0.3875,0,0,0,0,0,0,0,0,0.0153303774214,0,-1.0,0.0,0,0,1,0,0,1,0.0
0,0.575,0,0,0,0,0,0,0,0,0.0507486202231,1,-1.0,0.0,0,1,0,0,0,1,0.0
0,0.2875,0,0,0,0,0,0,0,0,0.0204946350901,1,-1.0,0.0,0,1,0,0,0,1,0.0
1,0.35,0,0,0,0,0,0,0,0,0.0246911556085,0,0.25,0.0,0,1,0,0,0,1,0.0
1,0.4875,0,0,0,0,0,0,0,0,0.015468569818,1,-1.0,0.0,0,0,1,0,0,1,0.0
0,0.325,0,0,0,0,0,0,0,0,0.0157125535691,1,-1.0,0.0,0,0,1,0,0,1,0.0
0,0.2625,0,0,0,0,0,0,0,0,0.0191771228343,0,-1.0,0.0,0,0,1,0,0,1,0.125
0,0.35,0,0,0,0,0,0,0,0,0.030937139636,1,-1.0,0.0,0,0,1,0,0,1,0.125
0,0.25,0,0,0,0,0,0,0,0,0.0169080739493,0,-1.0,0.0,0,0,1,0,0,1,0.0
0,0.425,0,0,0,0,0,0,0,0,0.0409892701802,1,-1.0,0.0,0,1,0,0,0,1,0.125
0,0.6375,0,0,0,0,0,0,0,0,0.0151269925665,1,0.25,0.0,0,0,1,0,0,1,0.0
1,0.0375,0,0,0,0,0,0,0,0,0.0365975626609,1,0.25,0.111111111111,0,1,0,0,0,1,0.125
0,0.2625,0,0,0,0,0,0,0,0,0.0151757893167,1,-1.0,0.0,0,0,1,0,0,1,0.0
0,0.275,0,0,0,0,0,0,0,0,0.0497076879475,0,-1.0,0.111111111111,0,0,1,0,0,1,0.375
0,0.3125,0,0,0,0,0,0,0,0,0.0154115752137,1,-1.0,0.0,0,0,1,0,0,1,0.0
0,0.3125,0,0,0,0,0,0,0,0,0.0133865100798,1,0.18,0.0,0,0,1,0,1,0,0.0
1,0.4125,0,0,1,0,0,0,0,0,0.175668300772,0,-1.0,0.0,1,0,0,0,1,0,0.125
0,0.36875,0,0,0,0,0,0,0,0,0.0,1,-1.0,0.0,0,1,0,0,0,1,0.0
1,0.55,0,0,0,0,0,0,0,0,0.015468569818,1,-1.0,0.0,0,0,1,0,0,1,0.0
0,0.275,0,0,0,0,0,0,0,0,0.0157125535691,0,0.18,0.0,0,0,1,0,0,1,0.0
1,0.425,0,0,0,0,0,0,0,0,0.0634357752789,0,-1.0,0.111111111111,0,1,0,0,0,1,0.125
1,0.225,0,0,0,0,0,0,0,0,0.0253743101115,0,-1.0,0.222222222222,0,1,0,0,0,1,0.0
0,0.375,0,0,0,0,0,0,0,0,0.0253743101115,1,0.25,0.0,0,1,0,0,0,1,0.0
0,0.125,0,0,0,0,0,0,0,0,0.0471376607072,0,-1.0,0.222222222222,0,0,1,0,0,1,0.0
0,0.3125,0,0,0,0,0,0,0,0,0.0154115752137,1,-1.0,0.0,0,0,1,1,0,0,0.0
0,0.2625,0,0,0,0,0,0,0,0,0.0150943963374,1,-1.0,0.0,0,0,1,0,1,0,0.0
0,0.3625,0,0,0,0,0,0,0,0,0.0153709763176,1,-1.0,0.0,0,0,1,0,0,1,0.0
0,0.35,0,0,0,0,0,0,0,0,0.0281069281236,0,0.8,0.111111111111,0,0,1,0,0,1,0.125
0,0.225,0,0,0,0,0,0,0,0,0.0394521725484,1,-1.0,0.111111111111,0,0,1,0,0,1,0.125
0,0.3125,0,0,0,0,0,0,0,0,0.0141510575622,1,-1.0,0.0,0,0,1,0,0,1,0.0
1,0.35,0,0,0,0,0,0,0,0,0.0507486202231,0,0.25,0.0,0,1,0,0,0,1,0.125
1,0.2375,0,0,0,0,0,0,0,0,0.0507486202231,0,-1.0,0.0,0,1,0,0,0,1,0.0
0,0.3125,0,0,0,0,0,0,0,0,0.0151269925665,1,-1.0,0.0,0,0,1,0,1,0,0.0
1,0.4,0,0,0,0,1,0,0,0,0.0157125535691,1,-1.0,0.0,0,0,1,0,0,1,0.0
1,0.35,0,0,1,0,0,0,0,0,0.0518221487278,1,-1.0,0.0,1,0,0,0,0,1,0.0
1,0.275,0,0,0,0,0,0,0,0,0.0314251071381,0,-1.0,0.0,0,0,1,0,0,1,0.125
1,0.525,0,0,0,0,0,0,0,0,0.0507486202231,0,0.25,0.0,0,1,0,0,0,1,0.125
0,0.2125,0,0,0,0,0,0,0,0,0.0139070738111,1,-1.0,0.0,0,0,1,0,0,1,0.0
0,0.625,0,0,0,0,1,0,0,0,0.10910953348,1,0.25,0.0,1,0,0,0,0,1,0.125
1,0.175,0,1,0,0,0,0,0,0,0.23422440103,0,-1.0,0.222222222222,1,0,0,0,0,1,0.125
0,0.2625,0,0,0,0,0,0,0,0,0.067095531545,0,-1.0,0.222222222222,0,0,1,0,0,1,0.25
1,0.3,0,0,0,0,0,0,0,0,0.0365975626609,0,-1.0,0.333333333333,0,1,0,0,0,1,0.25
0,0.8,0,0,1,0,0,0,0,0,0.513341812257,1,-1.0,0.444444444444,1,0,0,0,0,1,0.125
0,0.3875,0,0,0,0,0,0,0,0,0.0204946350901,1,-1.0,0.0,0,1,0,0,0,1,0.0
1,0.5625,0,0,0,0,0,0,0,0,0.0512365877252,0,-1.0,0.111111111111,0,1,0,0,0,1,0.125
0,0.25,0,0,0,0,0,0,0,0,0.0185427650815,1,-1.0,0.0,0,0,1,0,0,1,0.0
0,0.3125,0,0,0,0,0,0,0,0,0.0151757893167,1,-1.0,0.0,0,0,1,0,0,1,0.125
1,0.35,0,0,0,0,0,0,0,0,0.0253743101115,0,-1.0,0.0,0,1,0,0,0,1,0.0
1,0.3125,0,0,0,0,0,0,0,0,0.0158345454446,1,-1.0,0.0,0,0,1,0,0,1,0.0
1,0.05,1,0,0,0,0,0,0,0,0.159776760723,1,-1.0,0.222222222222,1,0,0,0,0,1,0.0
1,0.1625,0,0,0,0,0,0,0,0,0.0380614651673,0,-1.0,0.111111111111,0,1,0,0,0,1,0.0
1,0.425,0,0,0,0,0,0,0,0,0.0518221487278,1,-1.0,0.0,1,0,0,0,0,1,0.0
1,0.0625,0,0,0,0,0,0,0,0,0.0375896981862,0,-1.0,0.111111111111,0,0,1,1,0,0,0.25
1,0.65,0,0,1,0,0,0,0,0,0.0595320352617,1,-1.0,0.0,1,0,0,0,0,1,0.0
0,0.45,0,0,0,0,0,0,0,0,0.0541643927381,1,-1.0,0.222222222222,0,1,0,0,0,1,0.125
0,0.3125,0,0,0,0,0,0,0,0,0.0389724029003,1,-1.0,0.0,0,0,1,0,0,1,0.125
0,0.375,0,0,1,0,0,0,0,0,0.0541643927381,1,-1.0,0.0,1,0,0,1,0,0,0.0
1,0.6125,0,0,1,0,0,0,0,0,0.173919815619,1,-1.0,0.0,1,0,0,1,0,0,0.125
0,0.3125,0,0,0,0,0,0,0,0,0.0157125535691,1,-1.0,0.0,0,0,1,0,0,1,0.0
1,0.3625,0,0,0,0,0,0,0,0,0.0154115752137,1,-1.0,0.0,0,0,1,1,0,0,0.0
0,0.8125,0,0,0,0,1,0,0,0,0.0518221487278,1,-1.0,0.0,1,0,0,0,0,1,0.0
1,0.45,0,0,0,1,0,0,0,0,0.10122885832,0,-1.0,0.0,1,0,0,0,0,1,0.125
1,0.625,0,0,0,0,0,0,0,0,0.0204946350901,0,-1.0,0.0,0,1,0,0,0,1,0.0
0,0.3125,0,0,0,0,0,0,0,0,0.0151269925665,1,-1.0,0.0,0,0,1,0,1,0,0.0
1,0.6,0,0,0,0,1,0,0,0,0.0518221487278,1,-1.0,0.0,1,0,0,0,0,1,0.0
0,0.425,0,0,0,0,0,0,0,0,0.0157125535691,1,0.25,0.0,0,0,1,0,0,1,0.0
0,0.5875,0,0,0,0,1,0,0,0,0.0751469953303,1,-1.0,0.0,1,0,0,0,0,1,0.0
0,0.6,0,0,0,0,0,0,0,0,0.0253743101115,1,-1.0,0.0,0,1,0,0,0,1,0.0
0,0.3125,0,0,0,0,0,0,0,0,0.0157125535691,1,-1.0,0.0,0,0,1,0,0,1,0.0
0,0.475,0,0,0,0,0,0,0,0,0.0137606835605,1,-1.0,0.0,0,0,1,0,0,1,0.0
0,0.36875,0,0,0,0,0,0,0,0,0.0,1,0.25,0.0,0,1,0,0,0,1,0.0
0,0.7,0,0,0,0,0,0,0,0,0.0518221487278,1,-1.0,0.0,1,0,0,0,0,1,0.0
0,0.3125,0,0,0,0,0,0,0,0,0.0150781958163,1,-1.0,0.0,0,0,1,0,1,0,0.0
1,0.009375,0,0,0,0,0,0,0,0,0.0375896981862,0,-1.0,0.111111111111,0,0,1,1,0,0,0.25
0,0.3125,0,0,0,0,0,0,0,0,0.0141510575622,1,-1.0,0.0,0,0,1,0,0,1,0.0
0,0.475,0,0,0,0,0,0,0,0,0.0169080739493,1,-1.0,0.0,0,0,1,0,0,1,0.0
1,0.4125,0,0,0,0,0,0,0,0,0.0541643927381,0,0.7,0.222222222222,0,1,0,0,0,1,0.125
1,0.2875,0,0,0,1,0,0,0,0,0.0269196055973,0,-1.0,0.0,0,1,0,1,0,0,0.0
0,0.275,0,0,0,0,0,0,0,0,0.0192015212094,0,-1.0,0.0,0,0,1,0,0,1,0.0
0,0.525,1,0,0,0,0,0,0,0,0.101497240446,1,0.3,0.0,1,0,0,0,0,1,0.0
0,0.425,0,0,0,0,0,0,0,0,0.0409892701802,1,0.18,0.0,0,1,0,0,0,1,0.125
0,0.3625,0,0,0,0,0,0,0,0,0.0137524857065,1,-1.0,0.0,0,0,1,0,0,1,0.125
0,0.275,0,0,0,0,0,0,0,0,0.0146796239605,1,-1.0,0.0,0,0,1,0,0,1,0.0
1,0.025,0,0,0,0,0,0,0,0,0.0239836027304,0,-1.0,0.111111111111,0,0,1,0,0,1,0.0
0,0.1125,0,0,0,0,0,0,0,0,0.0915427034024,1,-1.0,0.222222222222,0,0,1,0,0,1,0.625
0,0.36875,0,0,0,0,0,0,0,0,0.0,1,-1.0,0.0,0,1,0,0,0,1,0.0
0,0.625,0,0,0,0,0,0,0,0,0.0157125535691,1,0.18,0.0,0,0,1,0,0,1,0.0
1,0.7875,0,0,0,0,0,0,0,0,0.0187135537073,0,-1.0,0.0,0,0,1,0,0,1,0.0
1,0.3125,0,1,0,0,0,0,0,0,0.177774758885,1,-1.0,0.0,1,0,0,1,0,0,0.125
0,0.275,0,0,0,0,0,0,0,0,0.0497076879475,0,-1.0,0.111111111111,0,0,1,0,0,1,0.375
1,0.4375,0,0,1,0,0,0,0,0,0.175668300772,0,-1.0,0.0,1,0,0,0,0,1,0.125
0,0.725,0,1,0,0,0,0,0,0,0.0579705392548,1,-1.0,0.0,1,0,0,1,0,0,0.0
0,0.375,0,0,0,0,0,0,0,0,0.0157125535691,1,0.25,0.0,0,0,1,0,0,1,0.0
1,0.1125,0,0,0,0,0,0,0,0,0.0310347331364,1,-1.0,0.111111111111,0,0,1,0,0,1,0.125
0,0.3125,0,0,0,0,0,0,0,0,0.0389724029003,1,-1.0,0.0,0,0,1,0,0,1,0.125
0,0.2625,0,0,0,0,0,0,0,0,0.0141510575622,1,-1.0,0.0,0,0,1,0,0,1,0.0
0,0.6875,0,0,1,0,0,0,0,0,0.0595320352617,1,-1.0,0.0,1,0,0,0,0,1,0.0
0,0.8875,0,0,0,0,0,0,0,0,0.0966257632788,1,-1.0,0.0,1,0,0,1,0,0,0.0
0,0.2625,0,0,0,0,0,0,0,0,0.0157125535691,1,-1.0,0.0,0,0,1,0,0,1,0.0
0,0.3125,0,0,0,0,0,0,0,0,0.0282207221451,1,-1.0,0.0,0,0,1,1,0,0,0.0
1,0.675,0,0,0,1,0,0,0,0,0.152766424401,0,1.0,0.0,1,0,0,1,0,0,0.125
0,0.3125,0,0,0,0,0,0,0,0,0.0294732371296,1,0.25,0.0,0,0,1,0,0,1,0.0
0,0.3125,0,0,1,0,0,0,0,0,0.2958058998,0,-1.0,0.222222222222,1,0,0,0,0,1,0.125
0,0.3,0,0,0,0,0,0,0,0,0.0152163882129,1,-1.0,0.0,0,0,1,0,0,1,0.0
0,0.2125,0,0,0,0,0,0,0,0,0.0169080739493,1,-1.0,0.0,0,0,1,0,0,1,0.0
0,0.2625,0,0,0,0,0,0,0,0,0.0151269925665,0,0.7,0.0,0,0,1,0,1,0,0.0
0,0.275,0,0,0,0,0,0,0,0,0.0148912066695,0,0.7,0.0,0,0,1,0,1,0,0.0
0,0.4625,0,0,0,0,0,0,0,0,0.0187135537073,0,-1.0,0.0,0,0,1,0,0,1,0.0
1,0.2,0,1,0,0,0,0,0,0,0.168836755742,0,-1.0,0.0,1,0,0,0,0,1,0.0
0,0.225,0,0,1,0,0,0,0,0,0.212558643934,1,-1.0,0.0,1,0,0,1,0,0,0.125
1,0.4125,0,0,0,0,0,0,0,0,0.0507486202231,0,0.25,0.222222222222,0,1,0,0,0,1,0.0
1,0.525,0,0,0,0,0,0,0,0,0.0518221487278,1,0.3,0.0,1,0,0,0,0,1,0.0
0,0.35,0,0,0,0,0,0,0,0,0.0439658719433,1,0.18,0.0,0,0,1,0,0,1,0.0
1,0.325,0,0,0,0,0,0,0,0,0.110272457631,1,-1.0,0.0,0,0,1,0,0,1,0.0
1,0.3625,0,0,0,0,0,0,0,0,0.0151269925665,1,-1.0,0.0,0,0,1,0,1,0,0.0
0,0.3125,0,0,0,0,0,0,0,0,0.0157125535691,1,-1.0,0.0,0,0,1,0,0,1,0.0
1,0.45,0,0,0,0,1,0,0,0,0.0513097828506,1,-1.0,0.0,1,0,0,0,0,1,0.0
1,0.675,0,0,0,0,0,0,0,0,0.11594107851,0,1.0,0.0,1,0,0,1,0,0,0.125
0,0.3,0,0,0,0,0,0,0,0,0.0146308272103,1,-1.0,0.0,0,0,1,0,0,1,0.0
0,0.5875,0,0,0,1,0,0,0,0,0.0664041791879,1,0.25,0.0,1,0,0,0,0,1,0.0
1,0.425,0,0,0,0,0,1,0,0,0.0204946350901,0,-1.0,0.0,0,1,0,0,0,1,0.0
0,0.3125,0,0,0,0,0,0,0,0,0.0471376607072,1,-1.0,0.0,0,0,1,0,1,0,0.0
1,0.45,0,0,0,0,0,0,0,0,0.0507486202231,0,0.25,0.0,0,1,0,0,0,1,0.125
0,0.4,0,0,0,0,0,0,0,0,0.0154115752137,1,-1.0,0.0,0,0,1,0,0,1,0.0
1,0.375,0,1,0,0,0,0,0,0,0.182499845802,0,-1.0,0.0,1,0,0,0,0,1,0.0
0,0.275,0,0,0,0,0,0,0,0,0.0154115752137,1,-1.0,0.0,0,0,1,0,0,1,0.0
0,0.3125,0,0,0,0,0,0,0,0,0.014102260812,1,-1.0,0.0,0,0,1,1,0,0,0.0
1,0.55,0,1,0,0,0,0,0,0,0.113167861601,0,-1.0,0.111111111111,1,0,0,1,0,0,0.0
0,0.3125,0,0,0,0,0,0,0,0,0.014110458666,1,-1.0,0.0,0,0,1,1,0,0,0.0
0,0.50625,0,0,0,0,0,0,0,0,0.0151269925665,1,-1.0,0.0,0,0,1,0,1,0,0.0
1,0.625,0,0,0,0,0,0,0,0,0.0204946350901,0,-1.0,0.0,0,1,0,0,0,1,0.0
0,0.525,0,0,1,0,0,0,0,0,0.432884169007,1,-1.0,0.0,1,0,0,0,0,1,0.0
0,0.4875,0,0,0,0,0,0,0,0,0.015468569818,1,-1.0,0.0,0,0,1,0,0,1,0.0
0,0.2875,0,0,0,0,0,0,0,0,0.0224465050987,1,0.3,0.111111111111,0,1,0,0,0,1,0.25
1,0.025,0,0,0,0,0,0,0,0,0.0507486202231,0,-1.0,0.111111111111,0,1,0,0,0,1,0.125
0,0.3125,0,0,0,0,0,0,0,0,0.014110458666,1,-1.0,0.0,0,0,1,1,0,0,0.0
0,0.2125,0,0,0,0,0,0,0,0,0.014110458666,1,-1.0,0.111111111111,0,0,1,1,0,0,0.125
1,0.275,0,0,0,0,0,0,0,0,0.0436404952128,0,-1.0,0.222222222222,0,0,1,1,0,0,0.0
0,0.375,0,0,0,0,0,0,0,0,0.0169080739493,0,-1.0,0.0,0,0,1,0,0,1,0.0
1,0.0875,0,0,0,0,0,0,0,0,0.0512365877252,0,-1.0,0.222222222222,0,1,0,0,0,1,0.0
0,0.5625,0,1,0,0,0,0,0,0,0.0518221487278,1,-1.0,0.0,1,0,0,0,0,1,0.0
1,0.375,0,0,0,0,0,0,0,0,0.207727765663,0,-1.0,0.0,1,0,0,1,0,0,0.0
0,0.3125,0,0,0,0,0,0,0,0,0.0283021151244,1,-1.0,0.0,0,0,1,0,0,1,0.0
1,0.275,0,1,0,0,0,0,0,0,0.0966175654247,0,-1.0,0.222222222222,1,0,0,1,0,0,0.0
1,0.45,0,1,0,0,0,0,0,0,0.138582770609,0,-1.0,0.222222222222,1,0,0,0,0,1,0.0
0,0.1125,0,0,0,0,0,0,0,0,0.0610447345184,0,-1.0,0.222222222222,0,0,1,0,0,1,0.5
0,0.1375,0,0,0,0,0,0,0,0,0.0610447345184,0,-1.0,0.222222222222,0,0,1,0,0,1,0.5
1,0.4,0,0,0,0,0,0,0,0,0.0507486202231,1,-1.0,0.0,0,1,0,0,0,1,0.125
0,0.625,0,0,1,0,0,0,0,0,0.207727765663,1,-1.0,0.0,1,0,0,1,0,0,0.125
0,0.8,0,0,0,0,0,0,0,0,0.0507486202231,1,-1.0,0.0,1,0,0,0,0,1,0.0
1,0.2375,0,0,0,0,0,0,0,0,0.0507486202231,0,-1.0,0.0,0,1,0,0,0,1,0.125
1,0.36875,0,0,0,0,0,0,0,0,0.0270577979939,1,-1.0,0.0,0,1,0,1,0,0,0.0
0,0.4125,0,0,0,0,0,0,0,0,0.0400621319261,1,-1.0,0.111111111111,0,0,1,0,0,1,0.125
1,0.1,0,0,0,0,0,0,0,0,0.0717312228153,1,-1.0,0.111111111111,0,1,0,0,0,1,0.125
1,0.2125,0,0,1,0,0,0,0,0,0.216429787722,1,-1.0,0.222222222222,1,0,0,1,0,0,0.0
0,0.3375,0,0,0,0,0,0,0,0,0.0507486202231,1,-1.0,0.0,0,1,0,0,0,1,0.0
0,0.3125,0,0,0,0,0,0,0,0,0.0152815806712,1,-1.0,0.0,0,0,1,0,1,0,0.0
1,0.275,0,0,0,0,0,0,0,0,0.014102260812,1,-1.0,0.0,0,0,1,1,0,0,0.0
1,0.275,0,0,0,0,0,0,0,0,0.0151757893167,0,-1.0,0.0,0,0,1,0,0,1,0.0
0,0.775,0,0,0,0,0,0,0,0,0.0518221487278,1,0.3,0.0,1,0,0,0,0,1,0.0
1,0.6,1,0,0,0,0,0,0,0,0.0772940523398,0,-1.0,0.0,1,0,0,1,0,0,0.125
0,0.525,0,0,0,0,0,0,0,0,0.444099223702,1,-1.0,0.0,1,0,0,1,0,0,0.0
1,0.4875,0,0,0,0,1,0,0,0,0.155466446183,0,-1.0,0.111111111111,1,0,0,0,0,1,0.125
1,0.45,0,0,0,0,0,0,0,0,0.0339625381493,0,-1.0,0.0,0,0,1,0,0,1,0.125
0,0.3125,0,0,0,0,0,0,0,0,0.0151269925665,1,0.18,0.0,0,0,1,0,1,0,0.0
0,0.5,0,0,0,0,0,0,0,0,0.0154115752137,1,-1.0,0.0,0,0,1,0,0,1,0.0
0,0.35,0,0,0,0,0,0,0,0,0.0263502451158,1,-1.0,0.0,0,1,0,0,0,1,0.0
0,0.3125,0,0,0,0,0,0,0,0,0.0157125535691,1,-1.0,0.0,0,0,1,0,0,1,0.0
0,0.275,0,0,0,0,0,0,0,0,0.0157125535691,0,-1.0,0.0,0,0,1,0,0,1,0.0
0,0.3,0,0,0,0,0,0,0,0,0.0471376607072,1,-1.0,0.0,0,0,1,0,0,1,0.25
0,0.2375,0,0,0,0,0,0,0,0,0.0154115752137,1,-1.0,0.0,0,0,1,0,0,1,0.0
0,0.3625,0,0,0,0,0,0,0,0,0.0411356604308,0,-1.0,0.444444444444,0,0,1,0,0,1,0.0
0,0.3125,0,0,0,0,0,0,0,0,0.014110458666,1,-1.0,0.0,0,0,1,1,0,0,0.0
1,0.4,0,0,0,0,0,0,0,0,0.0153303774214,1,-1.0,0.0,0,0,1,0,0,1,0.0
1,0.775,0,0,0,0,0,0,0,0,0.0204946350901,1,0.3,0.0,0,1,0,0,0,1,0.0
1,0.6625,0,0,1,0,0,0,0,0,0.100480706546,0,-1.0,0.0,1,0,0,0,0,1,0.25
1,0.45,0,0,0,0,1,0,0,0,0.0515049698514,1,-1.0,0.0,1,0,0,0,0,1,0.0
1,0.275,0,0,0,0,0,0,0,0,0.0151269925665,0,0.7,0.0,0,0,1,0,1,0,0.0
0,0.2,0,0,0,0,0,0,0,0,0.0157125535691,1,0.3,0.0,0,0,1,0,0,1,0.0
0,0.2375,0,0,0,0,0,0,0,0,0.0283021151244,1,0.3,0.0,0,0,1,0,0,1,0.0
1,0.425,0,0,0,0,0,0,0,0,0.0253743101115,0,-1.0,0.0,0,1,0,0,0,1,0.0
1,0.4875,0,0,0,0,1,0,0,0,0.10910953348,0,0.25,0.0,1,0,0,0,0,1,0.125
0,0.275,0,0,0,0,0,0,0,0,0.0282207221451,0,-1.0,0.0,0,0,1,1,0,0,0.125
1,0.4,0,0,0,0,0,0,0,0,0.015468569818,1,-1.0,0.0,0,0,1,0,0,1,0.0
1,0.3125,0,0,0,0,0,0,0,0,0.0585561002574,0,-1.0,0.111111111111,0,1,0,0,0,1,0.125
1,0.4875,0,0,1,0,0,0,0,0,0.216429787722,0,-1.0,0.111111111111,1,0,0,1,0,0,0.125
0,0.675,0,0,0,0,0,0,0,0,0.0507486202231,1,0.25,0.0,0,1,0,0,0,1,0.0
0,0.45,1,0,0,0,0,0,0,0,0.0783187840943,1,-1.0,0.0,1,0,0,1,0,0,0.0
0,0.3125,0,0,0,0,0,0,0,0,0.0170056674498,1,-1.0,0.0,0,0,1,1,0,0,0.0
1,0.225,0,0,0,0,1,0,0,0,0.155466446183,0,-1.0,0.222222222222,1,0,0,0,0,1,0.0
0,0.5875,0,0,0,0,0,0,0,0,0.0292780501287,1,-1.0,0.0,0,1,0,0,0,1,0.0
1,0.75,0,1,0,0,0,0,0,0,0.15458810468,1,-1.0,0.111111111111,1,0,0,1,0,0,0.125
0,0.275,0,0,0,0,0,0,0,0,0.0157125535691,1,-1.0,0.0,0,0,1,0,0,1,0.0
0,0.3125,0,0,0,0,0,0,0,0,0.0157125535691,1,-1.0,0.0,0,0,1,0,0,1,0.0
0,0.4375,0,0,0,0,0,0,0,0,0.0139070738111,1,-1.0,0.0,0,0,1,0,0,1,0.0
1,0.65,0,0,0,1,0,0,0,0,0.152766424401,0,-1.0,0.0,1,0,0,1,0,0,0.125
0,0.5875,0,0,0,0,0,0,0,0,0.0141510575622,1,0.25,0.0,0,0,1,0,0,1,0.0
0,0.275,0,0,0,0,0,0,0,0,0.0151269925665,0,0.7,0.222222222222,0,0,1,0,1,0,0.0
0,0.4625,0,0,0,0,0,0,0,0,0.0507486202231,1,0.18,0.0,0,1,0,0,0,1,0.125
0,0.45,0,0,0,0,0,0,0,0,0.0471376607072,1,-1.0,0.111111111111,0,0,1,0,0,1,0.125
1,0.35,0,0,0,0,0,0,0,0,0.0644117102832,0,-1.0,0.0,0,1,0,0,0,1,0.0
0,0.6125,0,0,0,0,0,0,0,0,0.0,1,-1.0,0.0,0,0,1,0,0,1,0.0
0,0.3125,0,0,0,0,0,0,0,0,0.014102260812,1,-1.0,0.0,0,0,1,1,0,0,0.0
1,0.6125,1,0,0,0,0,0,0,0,0.111118398092,1,-1.0,0.0,1,0,0,1,0,0,0.125
1,0.3,0,0,0,0,0,0,0,0,0.0527004902317,0,-1.0,0.111111111111,0,1,0,0,0,1,0.25
0,0.3125,0,0,0,0,0,0,0,0,0.0154115752137,1,-1.0,0.0,0,0,1,0,0,1,0.0
0,0.525,0,0,0,0,0,0,0,0,0.0827592883638,1,0.25,0.0,1,0,0,0,0,1,0.0
0,0.55,0,0,0,0,0,0,0,0,0.0157125535691,1,0.25,0.0,0,0,1,0,0,1,0.0
1,0.4375,0,0,0,0,0,0,0,0,0.0518221487278,1,-1.0,0.0,1,0,0,1,0,0,0.0
0,0.45,0,0,0,0,0,0,0,0,0.0303515786334,1,-1.0,0.0,0,0,1,0,0,1,0.125
0,0.375,0,0,0,0,0,0,0,0,0.0154115752137,1,-1.0,0.0,0,0,1,0,0,1,0.0
1,0.3375,0,0,0,0,0,0,0,0,0.0595320352617,1,0.25,0.0,1,0,0,0,0,1,0.0
1,0.275,0,0,0,0,0,0,0,0,0.0811571934608,0,-1.0,0.222222222222,0,1,0,1,0,0,0.125
1,0.5,0,0,1,0,0,0,0,0,0.299538851192,0,1.0,0.0,1,0,0,0,0,1,0.0
0,0.4875,0,0,0,0,0,0,0,0,0.0610447345184,0,-1.0,0.555555555556,0,0,1,0,0,1,0.125
0,0.3125,0,0,0,0,0,0,0,0,0.0137606835605,1,-1.0,0.0,0,0,1,0,0,1,0.0
1,0.275,0,0,0,0,0,0,0,0,0.030253985133,0,-1.0,0.0,0,0,1,0,1,0,0.125
0,0.3125,0,0,0,0,0,0,0,0,0.0151269925665,1,-1.0,0.0,0,0,1,0,1,0,0.0
0,0.4375,0,0,0,0,0,0,0,0,0.0157125535691,1,0.25,0.0,0,0,1,0,0,1,0.0
1,0.3,0,0,0,0,0,0,0,0,0.126871550558,0,-1.0,0.222222222222,0,1,0,0,0,1,0.125
0,0.425,0,0,0,0,0,0,0,0,0.0281069281236,1,-1.0,0.111111111111,0,0,1,0,0,1,0.125
0,0.325,0,0,0,0,0,0,0,0,0.0314251071381,0,0.25,0.0,0,0,1,0,0,1,0.125
1,0.05,0,0,0,0,0,1,0,0,0.0761229303346,0,-1.0,0.111111111111,0,1,0,0,0,1,0.25
0,0.325,0,0,0,0,0,0,0,0,0.0204946350901,1,-1.0,0.0,0,1,0,0,0,1,0.0
0,0.3375,0,0,0,0,0,0,0,0,0.028212719478,1,-1.0,0.0,0,0,1,1,0,0,0.125
1,0.525,0,0,0,1,0,0,0,0,0.102578966805,1,-1.0,0.0,1,0,0,0,0,1,0.125
1,0.25,0,0,0,0,0,0,0,0,0.0307257521141,1,-1.0,0.111111111111,0,0,1,1,0,0,0.125
0,0.2625,0,0,0,0,0,0,0,0,0.0153303774214,1,0.18,0.0,0,0,1,0,0,1,0.0
0,0.2625,0,0,0,0,0,0,0,0,0.0314251071381,1,-1.0,0.0,0,0,1,0,0,1,0.0
0,0.7625,0,0,0,1,0,0,0,0,0.0630860001733,1,-1.0,0.0,1,0,0,0,0,1,0.0
0,0.7125,0,0,0,0,0,0,0,0,0.024105594606,1,0.25,0.0,0,1,0,0,1,0,0.0
1,0.2625,0,0,0,1,0,0,0,0,0.15216446769,0,-1.0,0.0,1,0,0,0,0,1,0.0
0,0.325,0,0,0,0,0,0,0,0,0.0154115752137,1,-1.0,0.0,0,0,1,0,0,1,0.0
0,0.3125,0,0,0,0,0,0,0,0,0.0150943963374,1,-1.0,0.0,0,0,1,0,1,0,0.0
1,1.0,1,0,0,0,0,0,0,0,0.0585561002574,1,0.18,0.0,1,0,0,0,0,1,0.0
0,0.6375,0,0,0,0,0,0,0,0,0.0137688814145,1,-1.0,0.0,0,0,1,0,0,1,0.0
1,0.4,0,1,0,0,0,0,0,0,0.0595320352617,1,-1.0,0.0,1,0,0,1,0,0,0.0
0,0.525,0,0,0,0,0,0,0,0,0.0,1,0.18,0.0,1,0,0,0,0,1,0.0
0,0.1125,0,0,0,0,0,0,0,0,0.0544571732394,0,-1.0,0.222222222222,0,0,1,0,0,1,0.375
1,0.35,0,0,0,0,0,0,0,0,0.0253743101115,0,0.7,0.0,0,1,0,0,0,1,0.0
0,0.4,0,0,0,0,0,0,0,0,0.015468569818,1,-1.0,0.0,0,0,1,0,0,1,0.0
0,0.3875,0,0,0,0,0,0,0,0,0.0512365877252,1,-1.0,0.111111111111,0,1,0,0,0,1,0.125
0,0.5125,0,0,0,0,0,0,0,0,0.0774648409655,0,-1.0,0.555555555556,0,0,1,0,0,1,0.0
0,0.3125,0,0,0,0,0,0,0,0,0.0314251071381,1,-1.0,0.0,0,0,1,0,0,1,0.125
0,0.25,0,0,0,0,0,0,0,0,0.0153303774214,1,-1.0,0.0,0,0,1,0,0,1,0.0
1,0.3,0,1,0,0,0,0,0,0,0.135264591595,0,-1.0,0.0,1,0,0,1,0,0,0.0
0,0.025,0,0,0,0,0,0,0,0,0.0544571732394,0,1.0,0.222222222222,0,0,1,0,0,1,0.375
1,0.3125,0,0,0,0,0,0,0,0,0.110272457631,1,-1.0,0.0,0,0,1,0,0,1,0.0
1,0.009375,0,0,0,0,0,0,0,0,0.0375896981862,0,-1.0,0.111111111111,0,0,1,1,0,0,0.25
1,0.6,0,0,0,1,0,0,0,0,0.149765424262,1,0.18,0.0,1,0,0,1,0,0,0.125
0,0.2375,0,0,0,0,0,0,0,0,0.0154115752137,1,-1.0,0.0,0,0,1,0,0,1,0.0
1,0.7,1,0,0,0,0,0,0,0,0.0692913853046,1,-1.0,0.0,1,0,0,1,0,0,0.0
0,0.3125,0,0,0,0,0,0,0,0,0.0147366185648,1,-1.0,0.0,0,0,1,0,0,1,0.0
1,0.2875,0,0,0,0,0,0,0,0,0.0147366185648,0,-1.0,0.0,0,0,1,0,0,1,0.0
0,0.3125,0,0,0,0,0,0,0,0,0.0154115752137,1,-1.0,0.0,0,0,1,0,0,1,0.0
1,0.225,0,0,0,0,0,0,0,0,0.0448930101973,0,-1.0,0.111111111111,0,1,0,0,0,1,0.0
0,0.2625,0,0,0,0,0,0,0,0,0.0164607053434,1,-1.0,0.0,0,0,1,0,0,1,0.0
1,0.275,0,0,0,0,0,0,0,0,0.0152815806712,0,-1.0,0.0,0,0,1,0,1,0,0.0
0,0.225,0,0,0,0,0,0,0,0,0.0131751225579,0,-1.0,0.0,0,0,1,0,1,0,0.0
0,0.3,0,0,0,0,0,0,0,0,0.143462445631,1,-1.0,0.0,0,1,0,0,0,1,0.25
0,0.3125,0,0,0,0,0,0,0,0,0.0154115752137,1,-1.0,0.0,0,0,1,0,0,1,0.0
0,0.4,0,0,0,0,0,0,0,0,0.030253985133,0,-1.0,0.111111111111,0,0,1,0,1,0,0.125
0,0.2875,0,0,0,0,0,0,0,0,0.0253743101115,1,0.3,0.0,0,1,0,0,0,1,0.0
0,0.725,0,0,0,1,0,0,0,0,0.221098075222,1,-1.0,0.222222222222,1,0,0,1,0,0,0.0
1,0.625,0,0,0,0,0,0,0,0,0.260867426647,1,0.18,0.0,1,0,0,0,0,1,0.25
0,0.5,0,0,0,0,0,0,0,0,0.014102260812,1,-1.0,0.0,0,0,1,1,0,0,0.0
0,0.5875,0,0,0,0,1,0,0,0,0.0499434738446,1,-1.0,0.0,1,0,0,0,0,1,0.0
0,0.45,0,0,0,0,0,0,0,0,0.0146308272103,1,-1.0,0.0,0,0,1,0,0,1,0.0
1,0.25,0,0,0,0,0,0,0,0,0.015468569818,1,0.25,0.0,0,0,1,0,0,1,0.125
0,0.4,0,0,0,0,0,0,0,0,0.143462445631,1,-1.0,0.0,0,1,0,0,0,1,0.25
0,0.3125,0,0,0,0,0,0,0,0,0.0253743101115,1,-1.0,0.0,0,1,0,0,0,1,0.0
0,0.3125,0,0,0,0,0,0,0,0,0.0151757893167,1,-1.0,0.0,0,0,1,0,0,1,0.0
0,0.5375,0,0,0,0,0,0,0,0,0.0157125535691,1,-1.0,0.0,0,0,1,0,0,1,0.0
1,0.45,0,0,1,0,0,0,0,0,0.101497240446,0,-1.0,0.0,1,0,0,0,0,1,0.125
1,0.5,0,0,0,0,0,0,0,0,0.0761229303346,0,0.18,0.111111111111,0,1,0,0,0,1,0.125
0,0.3875,0,1,0,0,0,0,0,0,0.101497240446,1,-1.0,0.0,1,0,0,0,0,1,0.125
0,0.875,0,0,0,0,0,0,0,0,0.0204946350901,1,0.18,0.0,0,1,0,0,0,1,0.0
1,0.3875,0,0,0,0,0,0,0,0,0.0253743101115,1,0.25,0.0,0,1,0,0,0,1,0.0
0,0.36875,0,0,0,0,0,0,0,0,0.0,1,-1.0,0.0,0,1,0,0,0,1,0.0
0,0.225,0,0,0,0,0,0,0,0,0.0151757893167,1,-1.0,0.0,0,0,1,0,0,1,0.0
0,0.30625,0,0,0,0,0,0,0,0,0.0157125535691,1,0.25,0.0,0,0,1,0,0,1,0.0
1,0.225,0,0,0,0,0,0,0,0,0.0192097190634,0,0.8,0.0,0,0,1,0,0,1,0.0
0,0.5375,0,0,0,0,0,0,0,0,0.0915427034024,0,-1.0,0.666666666667,0,0,1,0,0,1,0.125
1,0.45,0,1,0,0,0,0,0,0,1.0,1,0.18,0.111111111111,1,0,0,1,0,0,0.0
0,0.275,0,0,0,0,0,0,0,0,0.0158833421948,0,-1.0,0.0,0,0,1,0,1,0,0.0
1,0.3375,0,0,0,1,0,0,0,0,0.149765424262,1,-1.0,0.0,1,0,0,1,0,0,0.0
0,0.25,0,0,0,0,0,0,0,0,0.0180060008292,1,-1.0,0.0,0,0,1,0,0,1,0.0
0,0.175,0,0,0,0,0,0,0,0,0.0915427034024,1,0.25,0.222222222222,0,0,1,0,0,1,0.625
0,0.75,0,0,0,0,0,0,0,0,0.0761229303346,1,0.18,0.111111111111,0,1,0,0,0,1,0.125
0,0.3125,0,0,0,0,0,0,0,0,0.0811571934608,1,-1.0,0.222222222222,0,1,0,1,0,0,0.125
0,0.175,0,0,0,0,0,0,0,0,0.0774648409655,1,-1.0,0.111111111111,0,0,1,0,0,1,0.5
0,0.2375,0,0,0,0,0,0,0,0,0.0198520794833,1,-1.0,0.0,0,0,1,0,0,1,0.0
0,0.225,0,0,0,0,0,0,0,0,0.0152163882129,1,-1.0,0.0,0,0,1,0,0,1,0.0
1,0.1875,0,1,0,0,0,0,0,0,0.412503327938,0,0.3,0.111111111111,1,0,0,0,0,1,0.0
1,0.3875,0,1,0,0,0,0,0,0,0.111256590489,1,-1.0,0.0,1,0,0,0,0,1,0.125
1,0.05,0,0,0,0,0,0,0,0,0.0261876543441,0,-1.0,0.111111111111,0,0,1,1,0,0,0.0
1,0.3125,0,0,0,0,0,0,0,0,0.110272457631,1,-1.0,0.0,0,0,1,0,0,1,0.0
0,0.3125,0,0,0,0,0,0,0,0,0.014102260812,1,-1.0,0.0,0,0,1,1,0,0,0.0
0,0.75,0,0,0,0,0,0,0,0,0.0518221487278,1,-1.0,0.0,1,0,0,0,0,1,0.0
0,0.65,0,0,0,0,0,0,0,0,0.0263502451158,1,0.18,0.0,0,1,0,0,0,1,0.0
0,0.55,0,0,0,0,0,0,0,0,0.0157125535691,1,-1.0,0.0,0,0,1,0,0,1,0.0
1,0.275,0,0,0,0,0,0,0,0,0.0150943963374,0,-1.0,0.0,0,0,1,0,1,0,0.0
0,0.6125,0,0,1,0,0,0,0,0,0.216429787722,1,-1.0,0.111111111111,1,0,0,1,0,0,0.125
0,0.525,0,0,0,0,0,1,0,0,0.0149318055656,1,-1.0,0.0,0,0,1,0,0,1,0.0
1,0.225,0,0,1,0,0,0,0,0,0.444099223702,0,-1.0,0.0,1,0,0,1,0,0,0.125
1,0.4375,0,0,0,0,1,0,0,0,0.0513097828506,1,-1.0,0.0,1,0,0,0,0,1,0.0
0,0.225,0,0,0,0,0,0,0,0,0.028212719478,0,-1.0,0.111111111111,0,0,1,1,0,0,0.0
0,0.3125,0,0,0,0,0,0,0,0,0.0151107920454,1,-1.0,0.0,0,0,1,0,1,0,0.0
0,0.325,0,0,0,0,0,0,0,0,0.0153303774214,1,-1.0,0.0,0,0,1,0,0,1,0.125
0,0.4875,0,0,0,0,0,0,0,0,0.0507486202231,1,0.18,0.0,0,1,0,0,0,1,0.0
1,0.5625,0,0,0,0,0,0,0,0,0.0263502451158,0,-1.0,0.0,0,1,0,0,0,1,0.0
1,0.525,0,0,0,0,1,0,0,0,0.0513097828506,1,-1.0,0.0,1,0,0,0,0,1,0.0
1,0.275,0,0,0,0,0,0,0,0,0.2958058998,0,-1.0,0.0,1,0,0,0,0,1,0.0
1,0.3125,0,0,0,0,0,0,0,0,0.0297578197768,1,0.25,0.111111111111,0,0,1,1,0,0,0.125
1,0.3,0,0,1,0,0,0,0,0,0.0966257632788,0,-1.0,0.0,1,0,0,1,0,0,0.0
0,0.525,0,0,1,0,0,0,0,0,0.0518221487278,1,-1.0,0.0,1,0,0,0,0,1,0.0
1,0.6,0,0,1,0,0,0,0,0,0.101497240446,1,-1.0,0.0,1,0,0,0,0,1,0.125
0,0.3625,0,0,0,0,0,0,0,0,0.0185101688524,1,-1.0,0.0,0,0,1,0,0,1,0.0
0,0.65,0,0,0,0,0,0,0,0,0.0253743101115,1,-1.0,0.0,0,1,0,0,0,1,0.0
0,0.2375,0,0,0,0,0,1,0,0,0.0149318055656,1,-1.0,0.0,0,0,1,0,0,1,0.0
1,0.475,0,0,1,0,0,0,0,0,0.444099223702,0,-1.0,0.0,1,0,0,1,0,0,0.0
1,0.3375,0,0,0,0,1,0,0,0,0.0204946350901,0,-1.0,0.0,0,1,0,0,0,1,0.0
0,0.3125,0,0,0,0,0,0,0,0,0.030253985133,1,-1.0,0.0,0,0,1,0,1,0,0.0
0,0.4125,0,0,0,0,0,0,0,0,0.0151757893167,1,-1.0,0.0,0,0,1,0,0,1,0.0
1,0.075,0,0,0,0,0,0,0,0,0.0644117102832,0,-1.0,0.111111111111,0,1,0,0,0,1,0.0
0,0.2125,0,0,0,0,0,0,0,0,0.0137688814145,1,-1.0,0.0,0,0,1,0,0,1,0.125
0,0.425,0,0,0,0,0,0,0,0,0.0253743101115,1,0.18,0.0,0,1,0,0,0,1,0.0
0,0.625,0,0,0,0,0,0,0,0,0.0253743101115,1,0.18,0.0,0,1,0,0,0,1,0.0
1,0.3375,0,0,0,0,1,0,0,0,0.103644297456,1,-1.0,0.0,1,0,0,0,0,1,0.125
0,0.25,0,0,0,0,0,0,0,0,0.0169080739493,1,-1.0,0.0,0,0,1,0,0,1,0.0
1,0.375,0,0,0,0,0,0,0,0,0.0409892701802,0,0.18,0.0,0,1,0,0,0,1,0.375
1,0.275,0,0,0,0,0,0,0,0,0.0151025941914,0,-1.0,0.0,0,0,1,0,1,0,0.0
0,0.3125,0,0,0,0,0,0,0,0,0.0507486202231,1,-1.0,0.0,0,1,0,0,0,1,0.125
0,0.3125,0,0,0,0,0,0,0,0,0.015468569818,0,-1.0,0.0,0,0,1,0,0,1,0.125
1,0.3625,0,1,0,0,0,0,0,0,0.412503327938,0,-1.0,0.0,1,0,0,0,0,1,0.0
0,0.1375,0,0,0,0,0,0,0,0,0.0366707577862,1,-1.0,0.0,0,0,1,1,0,0,0.0
0,0.36875,0,0,0,0,0,0,0,0,0.0,1,-1.0,0.0,0,1,0,0,0,1,0.0
0,0.2875,0,0,0,0,0,0,0,0,0.0253743101115,1,0.25,0.0,0,1,0,0,0,1,0.0
0,0.2875,0,0,0,0,0,0,0,0,0.0253743101115,1,-1.0,0.0,0,1,0,0,0,1,0.0
0,0.35625,0,0,0,0,0,0,0,0,0.0314251071381,1,0.25,0.0,0,0,1,0,0,1,0.0
0,0.6,0,0,0,0,0,0,0,0,0.067095531545,0,-1.0,0.333333333333,0,0,1,0,0,1,0.125
1,0.4375,0,1,0,0,0,0,0,0,1.0,1,-1.0,0.0,1,0,0,1,0,0,0.0
0,0.3125,0,0,0,0,0,0,0,0,0.0154115752137,1,-1.0,0.0,0,0,1,0,0,1,0.0
0,0.3125,0,0,0,0,0,0,0,0,0.0154115752137,1,-1.0,0.0,0,0,1,0,0,1,0.0
1,0.525,0,0,0,1,0,0,0,0,0.0585561002574,1,-1.0,0.0,1,0,0,0,0,1,0.0
0,0.45,0,0,1,0,0,0,0,0,0.153904950177,1,0.25,0.0,1,0,0,0,0,1,0.125
1,0.2625,0,1,0,0,0,0,0,0,0.512121893501,0,-1.0,0.222222222222,1,0,0,1,0,0,0.25
0,0.3,0,0,0,0,0,0,0,0,0.0314251071381,1,-1.0,0.0,0,0,1,0,0,1,0.125
1,0.3875,0,0,0,0,0,0,0,0,0.015468569818,1,-1.0,0.0,0,0,1,0,0,1,0.0
0,0.875,0,1,0,0,0,0,0,0,0.138582770609,1,-1.0,0.111111111111,1,0,0,0,0,1,0.125
0,0.2,0,0,0,0,0,0,0,0,0.0395253676738,1,-1.0,0.111111111111,0,0,1,0,0,1,0.125
1,0.375,0,0,0,0,0,0,0,0,0.0253743101115,0,0.8,0.0,0,1,0,0,0,1,0.0
0,0.2375,0,0,0,1,0,0,0,0,0.103644297456,1,-1.0,0.0,1,0,0,0,0,1,0.125
0,0.3875,0,0,0,0,0,0,0,0,0.0151269925665,1,-1.0,0.0,0,0,1,0,1,0,0.0
1,0.05,0,0,0,0,0,0,0,0,0.0448930101973,0,-1.0,0.111111111111,0,1,0,0,0,1,0.125
1,0.075,0,0,0,0,1,0,0,0,0.024349578357,1,-1.0,0.111111111111,0,0,1,0,0,1,0.0
0,0.4125,0,0,0,0,0,0,0,0,0.0185427650815,1,-1.0,0.0,0,0,1,0,0,1,0.0
0,0.2875,0,0,0,0,0,0,0,0,0.0154115752137,1,-1.0,0.0,0,0,1,0,0,1,0.0
1,0.6,0,0,0,0,0,0,0,0,0.126871550558,0,-1.0,0.222222222222,0,1,0,0,0,1,0.125
1,0.008375,0,0,0,0,0,0,0,0,0.0283021151244,1,-1.0,0.111111111111,0,1,0,0,0,1,0.125
0,0.35,0,0,0,0,0,0,0,0,0.0152163882129,1,-1.0,0.0,0,0,1,0,0,1,0.0
0,0.225,0,0,0,0,0,0,0,0,0.0224465050987,1,-1.0,0.0,0,1,0,0,0,1,0.0
0,0.425,0,0,0,0,0,0,0,0,0.0157125535691,1,0.18,0.0,0,0,1,0,0,1,0.0
1,0.4125,0,1,0,0,0,0,0,0,0.168836755742,0,-1.0,0.0,1,0,0,0,0,1,0.0
0,0.3125,0,0,0,0,0,0,0,0,0.0283021151244,1,-1.0,0.0,0,0,1,0,0,1,0.0
0,0.5125,0,0,0,0,0,0,0,0,0.0139070738111,1,-1.0,0.0,0,0,1,0,0,1,0.0
1,0.25,0,0,0,0,0,0,0,0,0.014110458666,1,-1.0,0.0,0,0,1,1,0,0,0.0
1,0.45,0,1,0,0,0,0,0,0,0.23422440103,0,0.25,0.222222222222,1,0,0,0,0,1,0.125
0,0.2,0,0,0,0,0,0,0,0,0.0151757893167,1,-1.0,0.0,0,0,1,0,0,1,0.0
1,0.6375,0,0,0,1,0,0,0,0,0.15216446769,0,0.8,0.0,1,0,0,0,0,1,0.125
0,0.525,0,0,0,0,0,0,0,0,0.0772940523398,1,-1.0,0.0,1,0,0,1,0,0,0.0
0,0.38125,0,0,0,0,0,0,0,0,0.0151269925665,0,0.7,0.0,0,0,1,0,1,0,0.0
0,0.3125,0,0,0,0,0,0,0,0,0.0471376607072,1,-1.0,0.0,0,0,1,0,1,0,0.125
0,0.4,0,0,0,0,0,0,0,0,0.0163225129468,1,-1.0,0.0,0,0,1,0,0,1,0.0
0,0.3,0,0,0,0,0,0,0,0,0.0185427650815,1,-1.0,0.0,0,0,1,0,0,1,0.0
0,0.6,0,0,0,0,0,0,0,0,0.0153303774214,1,-1.0,0.0,0,0,1,0,0,1,0.0
0,0.7125,0,0,0,0,1,0,0,0,0.0204946350901,0,0.7,0.0,0,1,0,0,0,1,0.0
0,0.3125,0,0,0,0,0,0,0,0,0.014102260812,1,-1.0,0.0,0,0,1,1,0,0,0.0
1,0.675,0,0,0,0,0,0,0,0,0.0448930101973,0,1.0,0.333333333333,0,1,0,0,0,1,0.125
0,0.225,0,0,0,0,0,0,0,0,0.0151269925665,1,-1.0,0.0,0,0,1,0,0,1,0.0
0,0.3125,0,0,0,0,0,1,0,0,0.0151269925665,1,-1.0,0.0,0,0,1,0,1,0,0.0
1,0.0625,0,0,0,0,0,0,0,0,0.024349578357,0,-1.0,0.0,0,0,1,0,0,1,0.0
0,0.3125,0,0,0,0,0,0,0,0,0.0151025941914,1,0.18,0.0,0,0,1,0,1,0,0.0
1,0.5375,0,1,0,0,0,0,0,0,0.412503327938,0,-1.0,0.111111111111,1,0,0,0,0,1,0.0
1,0.1625,0,0,0,0,0,0,0,0,0.014110458666,0,-1.0,0.0,0,0,1,1,0,0,0.0
1,0.2125,0,1,0,0,0,0,0,0,0.111256590489,0,-1.0,0.0,1,0,0,0,0,1,0.125
0,0.3625,0,0,0,1,0,0,0,0,0.0585561002574,1,-1.0,0.0,1,0,0,0,0,1,0.0
0,0.3125,0,0,0,0,0,0,0,0,0.0457713517012,1,-1.0,0.222222222222,0,0,1,0,0,1,0.125
0,0.3125,0,0,0,0,0,0,0,0,0.0137606835605,1,0.25,0.0,0,0,1,0,0,1,0.0
0,0.3125,0,0,0,0,0,0,0,0,0.0141510575622,1,-1.0,0.0,0,0,1,0,0,1,0.0
1,0.225,0,0,0,0,0,0,0,0,0.0146308272103,0,0.8,0.0,0,0,1,0,0,1,0.0
0,0.1,0,0,0,0,0,0,0,0,0.0568482139999,1,0.3,0.111111111111,0,0,1,0,1,0,0.5
1,0.0125,0,0,0,0,0,0,0,0,0.0401597254265,1,-1.0,0.222222222222,0,0,1,0,0,1,0.125
0,0.575,0,1,0,0,0,0,0,0,0.15458810468,1,-1.0,0.0,1,0,0,1,0,0,0.0
0,0.3125,0,0,0,0,0,0,0,0,0.0151269925665,1,-1.0,0.0,0,0,1,0,1,0,0.0
0,0.2,0,0,0,0,0,0,0,0,0.0507486202231,1,-1.0,0.0,0,1,0,0,0,1,0.0
0,0.275,0,0,0,0,0,0,0,0,0.135752559097,0,0.8,0.222222222222,0,0,1,0,0,1,1.0
0,0.525,0,0,0,0,0,0,0,0,0.0599142114094,1,0.25,0.0,1,0,0,1,0,0,0.0
0,0.3125,0,0,0,0,0,0,0,0,0.0154115752137,1,-1.0,0.0,0,0,1,0,0,1,0.0
0,0.4875,0,0,0,0,0,0,0,0,0.0253743101115,1,-1.0,0.0,0,1,0,0,0,1,0.0
1,0.6125,0,0,0,1,0,0,0,0,0.0506104278265,0,-1.0,0.0,1,0,0,0,0,1,0.0
1,0.3875,0,0,0,0,0,0,0,0,0.0169486728455,0,-1.0,0.0,0,0,1,0,0,1,0.0
0,0.375,0,0,0,0,0,0,0,0,0.014110458666,1,-1.0,0.0,0,0,1,1,0,0,0.0
0,0.375,0,0,0,0,0,0,0,0,0.0471376607072,0,-1.0,0.111111111111,0,0,1,0,0,1,0.125
0,0.425,0,0,0,0,0,0,0,0,0.0253743101115,1,-1.0,0.0,0,1,0,0,0,1,0.0
1,0.3875,0,0,0,0,0,0,0,0,0.0512365877252,0,-1.0,0.111111111111,0,1,0,0,0,1,0.125
1,0.1375,0,1,0,0,0,0,0,0,0.23422440103,1,0.25,0.222222222222,1,0,0,0,0,1,0.125
1,0.00525,0,0,0,0,0,0,0,0,0.0166234913021,1,0.18,0.111111111111,0,0,1,1,0,0,0.0
1,0.3375,0,0,0,0,0,0,0,0,0.0136142933098,1,-1.0,0.0,0,0,1,0,0,1,0.0
0,0.3875,0,0,0,0,0,0,0,0,0.0151757893167,1,-1.0,0.0,0,0,1,0,0,1,0.0
0,0.4875,1,0,0,0,0,0,0,0,0.0,1,0.18,0.0,1,0,0,0,0,1,0.0
0,0.225,0,0,0,0,0,0,0,0,0.0151757893167,0,-1.0,0.0,0,0,1,0,0,1,0.0
0,0.4875,0,0,0,0,0,0,0,0,0.0253743101115,1,-1.0,0.0,0,1,0,0,0,1,0.0
1,0.4125,0,0,0,0,1,0,0,0,0.103644297456,0,-1.0,0.0,1,0,0,0,0,1,0.125
0,0.325,0,0,0,0,0,0,0,0,0.0153953746927,1,0.25,0.0,0,0,1,0,0,1,0.0
0,0.4875,0,0,0,0,0,0,0,0,0.0471376607072,1,-1.0,0.0,0,0,1,0,0,1,0.0
0,0.4375,0,0,0,0,0,0,0,0,0.0204946350901,1,-1.0,0.0,0,1,0,0,0,1,0.0
0,0.075,0,0,0,0,0,0,0,0,0.0610447345184,0,-1.0,0.222222222222,0,0,1,0,0,1,0.5
0,0.38125,0,0,0,0,0,0,0,0,0.0157125535691,1,-1.0,0.0,0,0,1,0,0,1,0.0
0,0.525,0,1,0,0,0,0,0,0,0.0,1,-1.0,0.0,1,0,0,0,0,1,0.0
0,0.2875,0,0,0,0,0,0,0,0,0.015468569818,0,-1.0,0.0,0,0,1,0,0,1,0.0
0,0.3875,0,0,0,0,0,0,0,0,0.0722273881715,1,-1.0,0.111111111111,0,1,0,1,0,0,0.125
0,0.5375,0,0,0,0,0,0,0,0,0.0125895615553,1,-1.0,0.0,0,0,1,0,0,1,0.0
0,0.125,0,0,0,0,0,0,0,0,0.0544571732394,1,-1.0,0.222222222222,0,0,1,0,0,1,0.375
1,0.65,0,1,0,0,0,0,0,0,0.182499845802,0,0.25,0.111111111111,1,0,0,0,0,1,0.125
1,0.3375,0,0,0,0,0,0,0,0,0.0169080739493,1,-1.0,0.0,0,0,1,0,0,1,0.0
0,0.475,0,0,0,0,0,0,0,0,0.0,1,0.3,0.0,1,0,0,0,0,1,0.0
1,0.3375,0,0,0,0,1,0,0,0,0.024349578357,0,-1.0,0.111111111111,0,0,1,0,0,1,0.0
0,0.025,0,0,0,0,0,0,0,0,0.0774648409655,1,-1.0,0.111111111111,0,0,1,0,0,1,0.5
0,0.3125,0,0,0,0,0,0,0,0,0.0135654965596,1,-1.0,0.0,0,0,1,0,1,0,0.0
0,0.3125,0,0,0,0,0,0,0,0,0.110272457631,1,-1.0,0.0,0,0,1,0,0,1,0.0
1,0.0125,0,0,0,0,0,0,0,0,0.0722273881715,1,-1.0,0.222222222222,0,1,0,1,0,0,0.0
1,0.3125,0,0,0,0,0,0,0,0,0.0151269925665,1,0.18,0.0,0,0,1,0,1,0,0.0
1,0.775,0,1,0,0,0,0,0,0,0.156149600686,0,0.3,0.0,1,0,0,0,0,0,0.0
1,0.1875,0,0,0,0,0,0,0,0,0.028212719478,0,-1.0,0.0,0,0,1,1,0,0,0.125
1,0.010375,0,0,0,0,0,0,0,0,0.0365975626609,1,0.3,0.111111111111,0,1,0,0,0,1,0.125
0,0.3125,0,0,0,0,0,0,0,0,0.014110458666,1,-1.0,0.0,0,0,1,1,0,0,0.0
0,0.2875,0,0,0,0,0,0,0,0,0.0153303774214,1,-1.0,0.0,0,0,1,0,0,1,0.0
0,0.225,0,0,0,0,0,0,0,0,0.0162005210712,1,0.3,0.0,0,0,1,0,0,1,0.0
1,0.4875,0,0,0,0,1,0,0,0,0.162314191735,0,-1.0,0.111111111111,1,0,0,1,0,0,0.125
0,0.2625,0,0,0,0,0,0,0,0,0.0169080739493,1,-1.0,0.0,0,0,1,0,0,1,0.0
0,0.3125,0,0,0,0,0,0,0,0,0.0157125535691,1,-1.0,0.0,0,0,1,0,0,1,0.0
1,0.4,0,0,0,0,0,0,0,0,0.110272457631,1,-1.0,0.0,0,0,1,0,0,1,0.0
1,0.525,0,0,1,0,0,0,0,0,0.0579705392548,1,-1.0,0.0,1,0,0,1,0,0,0.0
0,0.25,0,0,0,0,0,0,0,0,0.015468569818,1,-1.0,0.0,0,0,1,0,0,1,0.0
0,0.2,0,0,0,0,0,0,0,0,0.0204946350901,1,0.18,0.0,0,1,0,0,0,1,0.0
1,0.375,0,0,0,0,0,0,0,0,0.060507970266,0,-1.0,0.0,1,0,0,1,0,0,0.0
0,0.43125,0,0,0,0,0,0,0,0,0.0125651631802,1,-1.0,0.0,0,0,1,1,0,0,0.0
0,0.2125,0,0,0,0,0,0,0,0,0.0169080739493,1,-1.0,0.0,0,0,1,0,0,1,0.0
0,0.525,0,0,0,0,0,0,0,0,0.0147366185648,1,-1.0,0.0,0,0,1,0,0,1,0.0
0,0.3125,0,0,0,0,0,0,0,0,0.135752559097,1,-1.0,0.222222222222,0,0,1,0,0,1,1.0
0,0.4375,0,0,0,0,0,0,0,0,0.0154115752137,1,-1.0,0.0,0,0,1,1,0,0,0.0
0,0.35,0,0,0,0,0,0,0,0,0.0644117102832,1,-1.0,0.111111111111,0,1,0,0,0,1,0.0
1,0.45,0,0,1,0,0,0,0,0,0.173919815619,0,-1.0,0.0,1,0,0,1,0,0,0.125
0,0.05,0,0,0,0,0,0,0,0,0.0610447345184,1,-1.0,0.222222222222,0,0,1,0,0,1,0.5
0,0.925,0,0,0,0,0,0,0,0,0.0151757893167,1,-1.0,0.0,0,0,1,0,0,1,0.0
0,0.1125,0,0,0,0,0,0,0,0,0.0297578197768,0,-1.0,0.111111111111,0,0,1,1,0,0,0.125
1,0.2,0,0,0,1,0,0,0,0,0.0769036783381,0,0.7,0.111111111111,1,0,0,0,0,1,0.0
0,0.55,0,0,0,0,0,0,0,0,0.0507486202231,0,-1.0,0.0,0,1,0,0,0,1,0.125
1,0.225,0,0,0,0,0,0,0,0,0.0182499845802,0,-1.0,0.111111111111,0,0,1,0,0,1,0.0
1,0.5625,0,0,0,0,0,0,0,0,0.321798367144,0,0.3,0.111111111111,1,0,0,0,0,1,0.125
1,0.6375,0,0,0,0,1,0,0,0,0.0518221487278,1,-1.0,0.0,1,0,0,0,0,1,0.0
1,0.3,0,0,0,0,0,0,0,0,0.0375896981862,0,-1.0,0.333333333333,0,0,1,1,0,0,0.0
0,0.3125,0,0,0,0,0,0,0,0,0.014110458666,1,-1.0,0.0,0,0,1,1,0,0,0.0
0,0.5125,0,0,0,0,0,0,0,0,0.0275375676421,1,-1.0,0.0,0,0,1,0,0,1,0.25
0,0.2625,0,0,0,0,0,0,0,0,0.0224465050987,1,-1.0,0.0,0,1,0,0,0,1,0.125
1,0.6,0,0,0,1,0,0,0,0,0.0506104278265,0,-1.0,0.0,1,0,0,0,0,1,0.0
0,0.275,0,0,0,0,0,0,0,0,0.135752559097,0,-1.0,0.222222222222,0,0,1,0,0,1,1.0
0,0.3,0,0,0,0,0,0,0,0,0.0253743101115,1,0.25,0.0,0,1,0,0,0,1,0.0
1,0.525,0,0,0,0,0,0,0,0,0.0253743101115,0,-1.0,0.0,0,1,0,0,0,1,0.0
1,0.3375,0,0,0,0,0,0,0,0,0.0270496001399,0,-1.0,0.0,0,1,0,1,0,0,0.125
0,0.3875,1,0,0,0,0,0,0,0,0.0985612375793,1,-1.0,0.0,1,0,0,0,0,1,0.0
0,0.3125,0,0,0,0,0,0,0,0,0.0185427650815,1,-1.0,0.0,0,0,1,0,0,1,0.0
1,0.05,0,0,0,0,0,0,0,0,0.0217307543665,1,-1.0,0.111111111111,0,0,1,0,0,1,0.125
0,0.325,0,0,0,0,0,0,0,0,0.0154115752137,1,-1.0,0.0,0,0,1,0,0,1,0.0
1,0.5875,0,0,0,1,0,0,0,0,0.102578966805,0,-1.0,0.111111111111,1,0,0,0,0,1,0.125
0,0.4125,0,1,0,0,0,0,0,0,0.0097593500429,1,-1.0,0.0,1,0,0,0,0,1,0.0
0,0.5875,0,0,0,0,0,0,0,0,0.0175668300772,1,-1.0,0.0,0,0,1,0,0,1,0.0
1,0.35,0,0,0,0,0,0,0,0,0.0468448802059,0,-1.0,0.0,0,1,0,1,0,0,0.125
1,0.1875,0,0,0,0,0,0,0,0,0.014102260812,0,-1.0,0.0,0,0,1,1,0,0,0.0
0,0.25,0,0,0,0,0,0,0,0,0.0192177217305,1,-1.0,0.0,0,0,1,0,0,1,0.0
0,0.2375,0,0,0,0,0,0,0,0,0.0154115752137,1,-1.0,0.0,0,0,1,0,0,1,0.0
0,0.3125,0,0,0,0,0,0,0,0,0.0154115752137,1,-1.0,0.0,0,0,1,0,0,1,0.0
1,0.7,0,0,1,0,0,0,0,0,0.162314191735,0,0.18,0.111111111111,1,0,0,1,0,0,0.0
1,0.3125,0,0,0,0,0,0,0,0,0.0507486202231,0,0.25,0.111111111111,0,1,0,0,0,1,0.0
0,0.4125,0,0,0,0,0,0,0,0,0.0154115752137,1,-1.0,0.0,0,0,1,0,0,1,0.0
0,0.275,0,0,0,0,0,0,0,0,0.0205272313192,0,-1.0,0.0,0,0,1,0,0,1,0.0
0,0.35,0,0,0,0,0,0,0,0,0.0204946350901,1,-1.0,0.0,0,1,0,0,0,1,0.0
0,0.3125,0,0,0,0,0,0,0,0,0.0137606835605,1,0.18,0.0,0,0,1,0,0,1,0.0
0,0.4875,0,0,0,0,0,0,0,0,0.0568482139999,0,0.25,0.555555555556,0,0,1,0,1,0,0.0
0,0.3375,0,0,0,0,0,0,0,0,0.0253743101115,1,-1.0,0.0,0,1,0,0,0,1,0.0
1,0.2375,0,1,0,0,0,0,0,0,0.0585561002574,0,-1.0,0.0,1,0,0,0,0,1,0.0
0,0.275,0,0,0,0,0,0,0,0,0.0457713517012,0,-1.0,0.222222222222,0,0,1,0,0,1,0.125
1,0.325,0,0,1,0,0,0,0,0,0.0585561002574,1,-1.0,0.0,1,0,0,1,0,0,0.0
0,0.4,0,0,0,0,0,0,0,0,0.0151269925665,1,-1.0,0.0,0,0,1,0,1,0,0.0
-1,0.43125,0,0,0,0,0,0,0,0,0.0152815806712,1,-1.0,0.0,0,0,1,0,1,0,0.0
-1,0.5875,0,0,0,0,0,0,0,0,0.0136630900601,0,-1.0,0.0,0,0,1,0,0,1,0.125
-1,0.775,0,0,0,0,0,0,0,0,0.0189087407081,1,-1.0,0.0,0,1,0,0,1,0,0.0
-1,0.3375,0,0,0,0,0,0,0,0,0.0169080739493,1,-1.0,0.0,0,0,1,0,0,1,0.0
-1,0.275,0,0,0,0,0,0,0,0,0.0239836027304,0,0.18,0.111111111111,0,0,1,0,0,1,0.125
-1,0.175,0,0,0,0,0,0,0,0,0.0180060008292,1,-1.0,0.0,0,0,1,0,0,1,0.0
-1,0.375,0,0,0,0,0,0,0,0,0.0148912066695,0,-1.0,0.0,0,0,1,0,1,0,0.0
-1,0.325,0,0,0,0,0,0,0,0,0.0566042302488,1,-1.0,0.111111111111,0,1,0,0,0,1,0.125
-1,0.225,0,0,0,0,0,0,0,0,0.014110458666,0,-1.0,0.0,0,0,1,1,0,0,0.0
-1,0.2625,0,0,0,0,0,0,0,0,0.0471376607072,1,-1.0,0.0,0,0,1,0,0,1,0.25
-1,0.3125,0,0,0,0,0,0,0,0,0.0154115752137,1,-1.0,0.0,0,0,1,0,0,1,0.0
-1,0.575,0,0,0,0,0,0,0,0,0.0507486202231,1,1.0,0.0,1,0,0,0,0,1,0.0
-1,0.2875,0,1,0,0,0,0,0,0,0.160573904435,0,0.18,0.0,1,0,0,0,0,1,0.125
-1,0.7875,0,0,0,0,0,0,0,0,0.0507486202231,1,-1.0,0.0,0,1,0,0,0,1,0.125
-1,0.5875,0,0,0,0,1,0,0,0,0.119405647775,0,-1.0,0.0,1,0,0,0,0,1,0.125
-1,0.3,0,0,0,0,0,0,0,0,0.0541073981339,0,0.7,0.0,0,1,0,1,0,0,0.125
-1,0.4375,0,0,0,0,0,0,0,0,0.024105594606,1,-1.0,0.0,0,1,0,0,1,0,0.0
-1,0.2625,0,0,0,0,0,0,0,0,0.014102260812,1,0.25,0.0,0,0,1,1,0,0,0.0
-1,0.3375,0,0,0,0,0,0,0,0,0.015468569818,0,-1.0,0.0,0,0,1,0,0,1,0.125
-1,0.5625,0,0,0,0,0,0,0,0,0.014102260812,0,-1.0,0.0,0,0,1,1,0,0,0.0
-1,0.6875,0,0,0,0,0,0,0,0,0.11594107851,1,-1.0,0.0,1,0,0,1,0,0,0.125
-1,0.1125,0,0,0,0,0,0,0,0,0.00618898942321,1,-1.0,0.111111111111,0,0,1,0,0,1,0.0
-1,0.45,0,0,0,0,0,0,0,0,0.0618416830429,0,0.8,0.0,1,0,0,0,0,1,0.0
-1,0.2625,0,0,0,0,0,0,0,0,0.119804219631,1,0.25,0.111111111111,1,0,0,1,0,0,0.0
-1,0.6,0,1,0,0,0,0,0,0,0.512121893501,0,-1.0,0.333333333333,1,0,0,1,0,0,0.125
-1,0.625,0,0,0,0,0,0,0,0,0.0283021151244,1,-1.0,0.0,0,0,1,0,0,1,0.125
-1,0.275,0,1,0,0,0,0,0,0,0.120975341636,0,-1.0,0.111111111111,1,0,0,1,0,0,0.0
-1,0.28125,0,0,0,0,0,0,0,0,0.014102260812,1,0.25,0.0,0,0,1,1,0,0,0.0
-1,0.5125,1,0,0,0,0,0,0,0,0.0595320352617,1,-1.0,0.0,1,0,0,0,0,1,0.0
-1,0.3125,0,0,0,0,0,0,0,0,0.04231498029,1,-1.0,0.0,0,0,1,1,0,0,0.25
-1,0.625,0,0,0,0,0,0,0,0,0.0507486202231,1,-1.0,0.0,0,1,0,0,0,1,0.125
-1,0.3,0,0,0,0,0,0,0,0,0.0614839052703,1,0.25,0.0,0,1,0,0,0,1,0.25
-1,0.4125,0,0,0,0,0,0,0,0,0.0401597254265,0,0.7,0.222222222222,0,0,1,0,0,1,0.125
-1,0.275,0,0,0,0,0,0,0,0,0.0457713517012,0,-1.0,0.222222222222,0,0,1,0,0,1,0.125
-1,0.375,0,0,1,0,0,0,0,0,0.112720492996,1,-1.0,0.0,1,0,0,1,0,0,0.125
-1,0.23125,0,0,0,0,0,0,0,0,0.014110458666,1,-1.0,0.0,0,0,1,1,0,0,0.0
-1,0.275,0,0,0,0,0,0,0,0,0.0157125535691,0,-1.0,0.0,0,0,1,0,0,1,0.0
-1,0.2625,0,0,0,0,0,0,0,0,0.0169080739493,0,0.25,0.0,0,0,1,0,0,1,0.0
-1,0.3125,0,0,0,0,0,0,0,0,0.0185427650815,1,-1.0,0.0,0,0,1,0,0,1,0.0
-1,0.3125,0,0,0,0,0,0,0,0,0.110272457631,1,-1.0,0.0,0,0,1,0,0,1,0.0
-1,0.4875,0,0,0,0,0,0,0,0,0.0261876543441,1,-1.0,0.111111111111,0,0,1,1,0,0,0.0
-1,0.525,0,0,0,1,0,0,0,0,0.0518221487278,1,0.25,0.0,1,0,0,0,0,1,0.0
-1,0.5125,0,0,0,0,0,0,0,0,0.0153221795674,1,-1.0,0.0,0,0,1,0,0,1,0.0
-1,0.375,0,0,0,0,0,0,0,0,0.0253743101115,0,-1.0,0.0,0,1,0,0,0,1,0.0
-1,0.5625,0,0,0,1,0,0,0,0,0.102578966805,0,-1.0,0.0,1,0,0,0,0,1,0.125
-1,0.3125,0,0,0,0,0,0,0,0,0.015468569818,1,0.25,0.0,0,0,1,0,0,1,0.0
-1,0.5625,1,0,0,0,0,0,0,0,0.0579705392548,1,-1.0,0.0,1,0,0,1,0,0,0.0
-1,0.3125,0,0,0,0,0,0,0,0,0.0151269925665,1,-1.0,0.0,0,0,1,0,1,0,0.0
-1,0.75,0,0,0,1,0,0,0,0,0.148911481134,0,-1.0,0.0,1,0,0,1,0,0,0.0
-1,0.45,0,0,0,0,0,0,0,0,0.0310347331364,0,-1.0,0.222222222222,0,0,1,0,0,1,0.0
-1,0.3,0,0,1,0,0,0,0,0,0.117112200515,1,-1.0,0.0,1,0,0,0,0,1,0.125
-1,0.3375,0,0,0,0,0,0,0,0,0.0293430474,1,-1.0,0.0,0,1,0,1,0,0,0.0
-1,0.25,0,0,0,0,0,0,0,0,0.0448930101973,0,0.18,0.111111111111,0,1,0,0,0,1,0.25
-1,0.35,0,0,1,0,0,0,0,0,0.513341812257,0,1.0,0.222222222222,1,0,0,0,0,1,0.375
-1,0.36875,0,0,0,0,0,0,0,0,0.0304085732377,1,-1.0,0.0,0,1,0,1,0,0,0.0
-1,0.125,0,0,0,0,0,0,0,0,0.0568482139999,1,-1.0,0.111111111111,0,0,1,0,1,0,0.5
-1,0.4375,0,0,0,0,0,0,0,0,0.0154115752137,1,-1.0,0.0,0,0,1,0,0,1,0.0
-1,0.3125,0,0,0,0,0,1,0,0,0.0149318055656,1,-1.0,0.0,0,0,1,0,0,1,0.0
-1,0.3125,0,0,0,0,0,0,0,0,0.0314251071381,1,-1.0,0.0,0,0,1,0,0,1,0.125
-1,0.45,0,1,0,0,0,0,0,0,0.512121893501,0,0.25,0.0,1,0,0,1,0,0,0.0
-1,0.2125,0,0,0,0,0,0,0,0,0.0154115752137,1,-1.0,0.0,0,0,1,0,0,1,0.0
-1,0.4,0,0,0,0,0,0,0,0,0.0263502451158,1,-1.0,0.0,0,1,0,0,0,1,0.0
-1,0.225,0,0,0,0,0,0,0,0,0.0151269925665,1,0.18,0.0,0,0,1,0,0,1,0.0
-1,0.275,0,0,0,0,0,0,0,0,0.0150781958163,0,-1.0,0.0,0,0,1,0,1,0,0.0
-1,0.1625,0,1,0,0,0,0,0,0,0.512121893501,1,-1.0,0.222222222222,1,0,0,1,0,0,0.25
-1,0.35,0,0,0,0,0,0,0,0,0.0409892701802,0,-1.0,0.0,0,1,0,0,0,1,0.0
-1,0.225,0,0,0,0,0,0,0,0,0.0153791741716,0,1.0,0.0,0,0,1,0,1,0,0.0
-1,0.5875,0,0,0,0,0,0,0,0,0.0827592883638,1,-1.0,0.0,1,0,0,0,0,1,0.0
-1,0.3875,0,0,1,0,0,0,0,0,0.0557014903699,1,-1.0,0.0,1,0,0,1,0,0,0.0
-1,0.75,0,0,1,0,0,0,0,0,0.513341812257,0,-1.0,0.444444444444,1,0,0,0,0,1,0.125
-1,0.3,0,0,0,0,0,0,0,0,0.0151269925665,0,-1.0,0.0,0,0,1,0,1,0,0.0
-1,0.2625,0,0,0,0,0,0,0,0,0.0154115752137,1,-1.0,0.0,0,0,1,0,0,1,0.0
-1,0.3625,0,0,0,0,0,0,0,0,0.015468569818,0,-1.0,0.0,0,0,1,0,0,1,0.0
-1,0.35625,0,0,0,1,0,0,0,0,0.0541073981339,1,-1.0,0.0,1,0,0,1,0,0,0.0
-1,0.4375,0,0,1,0,0,0,0,0,0.412820506815,0,-1.0,0.0,1,0,0,1,0,0,0.0
-1,0.40625,0,0,1,0,0,0,0,0,0.412820506815,1,-1.0,0.0,1,0,0,1,0,0,0.0
-1,0.3125,0,0,0,0,0,0,0,0,0.0157125535691,1,-1.0,0.0,0,0,1,0,0,1,0.0
-1,0.6875,0,0,1,0,0,0,0,0,0.0501630592205,0,-1.0,0.0,1,0,0,0,0,1,0.25
-1,0.375,0,0,0,0,0,0,0,0,0.0253743101115,1,-1.0,0.0,0,1,0,0,0,1,0.0
-1,0.3,0,0,0,0,0,0,0,0,0.0151269925665,0,1.0,0.0,0,0,1,0,1,0,0.0
-1,0.075,0,0,0,0,0,0,0,0,0.0297578197768,1,-1.0,0.111111111111,0,0,1,1,0,0,0.125
-1,0.8375,0,0,1,0,0,0,0,0,0.432884169007,1,-1.0,0.0,1,0,0,0,0,1,0.125
-1,0.6125,0,0,0,0,0,0,0,0,0.0507486202231,1,-1.0,0.0,1,0,0,0,0,1,0.0
-1,0.3125,0,0,0,0,0,0,0,0,0.0154115752137,1,-1.0,0.0,0,0,1,0,0,1,0.0
-1,0.36875,0,0,0,0,0,0,0,0,0.0209012096129,1,-1.0,0.0,0,1,0,0,1,0,0.0
-1,0.3125,0,0,0,0,0,0,0,0,0.028212719478,1,-1.0,0.0,0,0,1,1,0,0,0.125
-1,0.3375,0,0,0,0,0,0,0,0,0.0153791741716,0,0.25,0.0,0,0,1,0,1,0,0.0
-1,0.225,0,0,0,0,0,0,0,0,0.0157125535691,0,-1.0,0.0,0,0,1,0,0,1,0.0
-1,0.275,0,0,0,0,0,0,0,0,0.0151269925665,0,-1.0,0.0,0,0,1,0,1,0,0.0
-1,0.025,0,0,0,0,0,0,0,0,0.0448930101973,1,-1.0,0.111111111111,0,1,0,0,0,1,0.125
-1,0.275,0,0,0,0,0,0,0,0,0.0271309931193,0,-1.0,0.0,0,0,1,0,0,1,0.125
-1,0.3125,0,0,0,0,0,0,0,0,0.0151757893167,1,-1.0,0.0,0,0,1,0,0,1,0.0
-1,0.3375,0,1,0,0,0,0,0,0,0.101497240446,0,-1.0,0.222222222222,1,0,0,0,0,1,0.125
-1,0.3125,0,0,0,0,0,0,0,0,0.0157125535691,1,-1.0,0.0,0,0,1,0,0,1,0.0
-1,0.3125,0,0,0,0,0,0,0,0,0.0507486202231,1,-1.0,0.0,1,0,0,1,0,0,0.0
-1,0.3125,0,0,0,0,0,0,0,0,0.0152163882129,1,0.25,0.0,0,0,1,0,0,1,0.0
-1,0.95,0,0,1,0,0,0,0,0,0.153904950177,0,0.3,0.0,1,0,0,0,0,1,0.125
-1,0.3625,0,0,0,0,0,0,0,0,0.015468569818,1,0.25,0.0,0,0,1,0,0,1,0.0
-1,0.25,0,0,0,0,0,0,0,0,0.0153303774214,0,-1.0,0.0,0,0,1,0,0,1,0.0
-1,0.4125,0,0,0,0,0,0,0,0,0.0157125535691,1,-1.0,0.0,0,0,1,0,0,1,0.0
-1,0.5375,0,0,1,0,0,0,0,0,0.108214991455,0,-1.0,0.0,1,0,0,1,0,0,0.125
-1,0.3375,0,0,0,0,0,0,0,0,0.0507486202231,1,-1.0,0.0,0,1,0,0,0,1,0.125
-1,0.3125,0,0,0,0,0,0,0,0,0.0151269925665,1,-1.0,0.0,0,0,1,0,1,0,0.0
-1,0.325,0,0,0,0,0,0,0,0,0.0151757893167,1,-1.0,0.0,0,0,1,0,0,1,0.0
-1,0.2,0,0,0,0,0,0,0,0,0.0166234913021,0,-1.0,0.111111111111,0,0,1,1,0,0,0.125
-1,0.35,0,0,0,0,0,0,0,0,0.0439658719433,1,-1.0,0.0,0,0,1,0,0,1,0.0
-1,0.2625,0,0,0,0,0,0,0,0,0.0152651849631,1,0.8,0.0,0,0,1,0,1,0,0.0
-1,0.3125,0,0,0,0,0,0,0,0,0.0151269925665,1,-1.0,0.0,0,0,1,0,1,0,0.0
-1,0.3125,0,0,0,0,0,0,0,0,0.0170056674498,1,-1.0,0.0,0,0,1,0,0,1,0.0
-1,0.23125,0,0,0,0,0,1,0,0,0.0253743101115,1,-1.0,0.0,0,1,0,0,0,1,0.0
-1,0.5125,0,0,0,0,0,0,0,0,0.0293674457751,1,-1.0,0.0,0,1,0,1,0,0,0.0
-1,0.275,0,0,0,0,0,0,0,0,0.0151839871707,0,-1.0,0.0,0,0,1,0,1,0,0.0
-1,0.45,1,0,0,0,0,0,0,0,0.0618336803758,0,-1.0,0.0,1,0,0,1,0,0,0.0
-1,0.23125,0,0,0,0,0,0,0,0,0.0142160548335,0,-1.0,0.0,0,0,1,0,1,0,0.0
-1,0.7875,0,0,1,0,0,0,0,0,0.432884169007,0,-1.0,0.0,1,0,0,0,0,1,0.125
-1,0.225,0,0,0,0,0,0,0,0,0.028212719478,1,-1.0,0.0,0,0,1,1,0,0,0.125
-1,0.3125,0,0,0,0,0,0,0,0,0.0125651631802,1,-1.0,0.0,0,0,1,1,0,0,0.0
-1,0.0125,0,0,0,0,0,0,1,0,0.0325962291433,0,0.25,0.111111111111,0,0,1,0,0,1,0.125
-1,0.45,0,0,1,0,0,0,0,0,0.146862017625,1,-1.0,0.0,1,0,0,1,0,0,0.0
-1,0.3625,0,0,0,0,0,0,0,0,0.0507486202231,0,0.8,0.0,0,1,0,0,0,1,0.125
-1,0.15,0,0,0,0,0,0,0,0,0.0307419526351,0,0.3,0.0,0,1,0,0,0,1,0.0
-1,0.3125,0,0,0,0,0,0,0,0,0.0151269925665,1,0.25,0.0,0,0,1,0,1,0,0.125
-1,0.4375,0,0,1,0,0,0,0,0,0.112720492996,0,-1.0,0.0,1,0,0,1,0,0,0.125
-1,0.35,0,0,0,0,0,0,0,0,0.0141510575622,1,-1.0,0.0,0,0,1,0,0,1,0.0
-1,0.3125,0,0,0,0,0,0,0,0,0.0151269925665,1,-1.0,0.0,0,0,1,0,1,0,0.0
-1,0.2125,0,0,0,0,0,0,0,0,0.0314251071381,0,-1.0,0.111111111111,0,0,1,0,0,1,0.0
-1,0.275,0,0,0,0,0,0,0,0,0.0152163882129,1,-1.0,0.0,0,0,1,0,0,1,0.0
-1,0.275,0,0,0,0,0,0,0,0,0.0453809776995,0,-1.0,0.0,0,0,1,0,1,0,0.25
-1,0.525,0,0,0,0,0,0,0,0,0.0253743101115,1,0.8,0.0,0,1,0,0,0,1,0.0
-1,0.3,0,0,0,0,0,0,0,0,0.0157125535691,1,-1.0,0.0,0,0,1,0,0,1,0.0
-1,0.4,0,0,0,0,0,0,0,0,0.0157125535691,1,-1.0,0.0,0,0,1,0,0,1,0.0
-1,0.6625,0,0,1,0,0,0,0,0,0.0556282952445,1,-1.0,0.0,1,0,0,1,0,0,0.0
-1,0.275,0,0,0,0,0,0,0,0,0.0497076879475,0,-1.0,0.444444444444,0,0,1,0,0,1,0.0
-1,0.3125,0,0,0,0,0,0,0,0,0.0125651631802,1,-1.0,0.0,0,0,1,1,0,0,0.125
-1,0.5375,0,0,0,0,0,0,0,0,0.0154115752137,1,-1.0,0.0,0,0,1,0,0,1,0.0
-1,0.3,0,0,0,0,0,0,0,0,0.0153303774214,1,-1.0,0.0,0,0,1,0,0,1,0.0
-1,0.33125,0,0,0,0,0,0,0,0,0.014102260812,1,-1.0,0.0,0,0,1,1,0,0,0.0
-1,0.325,0,0,0,0,0,0,0,0,0.0253743101115,1,-1.0,0.0,0,1,0,0,0,1,0.0
-1,0.2875,0,0,0,0,0,0,0,0,0.0157125535691,0,-1.0,0.0,0,0,1,0,0,1,0.0
-1,0.5,0,0,0,0,0,0,0,0,0.0915427034024,1,-1.0,0.666666666667,0,0,1,0,0,1,0.125
-1,0.125,0,0,0,0,0,0,0,0,0.0915427034024,0,-1.0,0.222222222222,0,0,1,0,0,1,0.625
-1,0.4125,0,0,0,0,0,0,0,0,0.2958058998,0,0.8,0.0,1,0,0,0,0,1,0.0
-1,0.7625,0,1,0,0,0,0,0,0,0.512121893501,1,-1.0,0.333333333333,1,0,0,1,0,0,0.125
-1,0.35,0,0,0,0,0,0,0,0,0.0507486202231,1,-1.0,0.0,0,1,0,0,0,1,0.0
-1,0.525,0,0,0,0,0,0,0,0,0.0518221487278,1,-1.0,0.0,1,0,0,0,0,1,0.0
-1,0.3875,0,0,0,0,0,0,0,0,0.0351336601544,1,0.25,0.0,0,0,1,0,0,1,0.375
-1,0.525,0,0,0,0,1,0,0,0,0.10122885832,1,-1.0,0.0,1,0,0,0,0,1,0.0
-1,0.275,0,0,0,0,0,0,0,0,0.0157125535691,1,-1.0,0.0,0,0,1,0,0,1,0.0
-1,0.525,0,0,0,0,0,0,0,0,0.0518221487278,1,-1.0,0.0,1,0,0,0,0,1,0.0
-1,0.375,0,0,0,0,0,0,0,0,0.0507486202231,1,0.18,0.111111111111,0,1,0,0,0,1,0.125
-1,0.2875,0,0,1,0,0,0,0,0,0.162314191735,0,-1.0,0.111111111111,1,0,0,1,0,0,0.0
-1,0.3125,0,0,0,0,0,0,0,0,0.0154115752137,1,0.18,0.0,0,0,1,1,0,0,0.0
-1,0.75625,0,0,0,0,0,0,0,0,0.028212719478,1,-1.0,0.0,0,0,1,0,0,1,0.0
-1,0.45,0,0,0,0,0,0,0,0,0.0237802178755,0,-1.0,0.222222222222,0,0,1,0,0,1,0.0
-1,0.1625,0,0,0,0,0,0,0,0,0.0612643198943,1,-1.0,0.222222222222,0,0,1,0,0,1,0.5
-1,0.3,0,0,0,0,0,0,0,0,0.0147366185648,1,0.25,0.0,0,0,1,0,0,1,0.0
-1,0.3625,0,0,1,0,0,0,0,0,0.432884169007,0,-1.0,0.0,1,0,0,0,0,1,0.0
-1,0.2875,0,0,0,0,0,0,0,0,0.0153303774214,0,-1.0,0.0,0,0,1,0,0,1,0.0
-1,0.525,0,0,0,1,0,0,0,0,0.0518221487278,1,-1.0,0.0,1,0,0,0,0,1,0.0
-1,0.325,0,0,0,0,0,0,0,0,0.0268870093682,0,0.18,0.222222222222,0,0,1,0,0,1,0.0
-1,0.275,0,0,0,0,0,0,0,0,0.0150943963374,0,-1.0,0.0,0,0,1,0,1,0,0.0
-1,0.0875,0,0,0,0,0,0,0,0,0.0297578197768,1,1.0,0.111111111111,0,0,1,1,0,0,0.125
-1,0.325,0,0,0,0,0,0,0,0,0.0263502451158,0,-1.0,0.0,0,1,0,0,0,1,0.0
-1,0.3125,0,0,0,0,0,0,0,0,0.0136630900601,1,-1.0,0.0,0,0,1,0,0,1,0.0
-1,0.5125,0,0,0,0,0,0,0,0,0.0253743101115,1,-1.0,0.0,0,1,0,0,0,1,0.0
-1,0.325,0,0,0,0,0,0,0,0,0.042989936939,0,0.25,0.111111111111,0,0,1,0,0,1,0.125
-1,0.6,0,1,0,0,0,0,0,0,0.0985612375793,1,-1.0,0.0,1,0,0,1,0,0,0.0
-1,0.225,0,0,0,0,0,0,0,0,0.067095531545,1,0.25,0.222222222222,0,0,1,0,0,1,0.25
-1,0.45,0,0,0,0,0,0,0,0,0.0541073981339,0,-1.0,0.0,1,0,0,1,0,0,0.0
-1,0.275,0,0,0,0,0,0,0,0,0.0174936349519,0,-1.0,0.0,0,0,1,0,0,1,0.0
-1,0.3125,0,0,0,0,0,0,0,0,0.0147366185648,1,-1.0,0.0,0,0,1,0,0,1,0.0
-1,0.3375,0,0,0,0,0,0,0,0,0.014102260812,1,-1.0,0.0,0,0,1,1,0,0,0.0
-1,0.2875,0,0,0,0,0,0,0,0,0.0271309931193,1,-1.0,0.0,0,0,1,0,0,1,0.125
-1,0.3125,0,0,0,0,0,0,0,0,0.014110458666,1,-1.0,0.0,0,0,1,1,0,0,0.0
-1,0.5,0,0,0,0,0,0,0,0,0.0612643198943,1,-1.0,0.555555555556,0,0,1,0,0,1,0.125
-1,0.1875,0,0,0,0,0,0,0,0,0.0761229303346,0,-1.0,0.222222222222,0,1,0,0,0,1,0.0
-1,0.25,0,0,0,0,0,0,0,0,0.0717312228153,0,0.18,0.0,0,1,0,0,0,1,0.0
-1,0.675,0,0,1,0,0,0,0,0,0.108214991455,1,1.0,0.0,1,0,0,1,0,0,0.125
-1,0.45,0,0,0,0,0,1,0,0,0.0761229303346,0,-1.0,0.333333333333,0,1,0,0,0,1,0.0
-1,0.8,0,0,0,0,1,0,0,0,0.162314191735,0,-1.0,0.222222222222,1,0,0,1,0,0,0.0
-1,0.375,0,0,0,0,0,0,0,0,0.0253743101115,1,-1.0,0.0,0,1,0,0,0,1,0.0
-1,0.4625,0,0,0,0,1,0,0,0,0.162314191735,1,-1.0,0.111111111111,1,0,0,1,0,0,0.125
-1,0.225,0,0,0,1,0,0,0,0,0.103644297456,0,-1.0,0.0,1,0,0,0,0,1,0.125
-1,0.3125,0,0,0,0,0,0,0,0,0.0151269925665,1,-1.0,0.0,0,0,1,0,1,0,0.0
-1,0.3375,0,1,0,0,0,0,0,0,0.48312842602,0,-1.0,0.111111111111,1,0,0,1,0,0,0.125
-1,0.5,0,0,0,0,0,0,0,0,0.0312299201373,1,-1.0,0.0,0,1,0,0,0,1,0.0
-1,0.2625,0,0,0,0,0,0,0,0,0.0409892701802,0,0.18,0.111111111111,0,1,0,0,0,1,0.0
-1,0.2125,0,0,0,0,0,0,0,0,0.0157125535691,1,0.25,0.0,0,0,1,0,0,1,0.25
-1,0.275,0,0,0,0,0,0,0,0,0.135752559097,0,-1.0,0.222222222222,0,0,1,0,0,1,1.0
-1,0.5,0,0,0,0,0,0,0,0,0.0253743101115,1,-1.0,0.0,0,1,0,0,0,1,0.0
-1,0.425,0,0,0,0,0,0,0,0,0.0507486202231,1,-1.0,0.0,0,1,0,0,0,1,0.125
-1,0.525,0,0,0,0,0,0,0,0,0.0507486202231,1,0.25,0.0,1,0,0,0,0,1,0.0
-1,0.14375,0,0,0,0,0,0,0,0,0.0283021151244,1,-1.0,0.111111111111,0,0,1,0,0,1,0.125
-1,0.7625,0,0,0,0,0,0,0,0,0.024105594606,1,-1.0,0.0,0,1,0,0,1,0,0.0
-1,0.1,0,0,0,0,0,0,0,0,0.0634357752789,1,-1.0,0.222222222222,0,1,0,0,0,1,0.0
-1,0.4125,0,0,0,0,0,0,0,0,0.0153303774214,1,-1.0,0.0,0,0,1,0,0,1,0.0
-1,0.075,0,0,0,0,1,0,0,0,0.262526516154,1,-1.0,0.222222222222,1,0,0,1,0,0,0.0
-1,0.225,0,0,0,0,0,0,0,0,0.0151757893167,0,-1.0,0.0,0,0,1,0,0,1,0.0
-1,0.2875,0,0,0,0,0,0,0,0,0.0204946350901,1,-1.0,0.0,0,1,0,0,0,1,0.0
-1,0.275,0,0,0,0,0,0,0,0,0.0158345454446,0,-1.0,0.0,0,0,1,0,0,1,0.0
-1,0.275,0,0,0,0,0,0,0,0,0.030253985133,0,-1.0,0.0,0,0,1,0,1,0,0.0
-1,0.004125,0,0,0,0,0,0,0,0,0.0281069281236,1,-1.0,0.222222222222,0,0,1,0,0,1,0.0
-1,0.5875,0,0,1,0,0,0,0,0,0.444099223702,1,-1.0,0.0,1,0,0,1,0,0,0.125
-1,0.1,0,0,0,0,0,0,0,0,0.0507486202231,0,-1.0,0.111111111111,0,1,0,0,0,1,0.125
-1,0.3125,0,0,0,0,0,0,0,0,0.0204946350901,1,-1.0,0.0,0,1,0,0,0,1,0.0
-1,0.525,0,0,0,0,0,0,0,0,0.0502444521999,1,-1.0,0.0,1,0,0,1,0,0,0.0
-1,0.4375,0,0,0,0,0,0,0,0,0.0151269925665,0,-1.0,0.0,0,0,1,0,1,0,0.0
-1,0.3,0,0,0,0,0,0,0,0,0.0204946350901,1,-1.0,0.0,0,1,0,0,0,1,0.0
-1,0.4125,1,0,0,0,0,0,0,0,0.0541073981339,0,-1.0,0.0,1,0,0,1,0,0,0.0
-1,0.3125,0,0,0,0,0,0,0,0,0.0154115752137,1,0.18,0.0,0,0,1,0,0,1,0.0
-1,0.4,0,0,0,0,0,0,0,0,0.0439658719433,1,-1.0,0.0,0,0,1,0,0,1,0.0
-1,0.3125,0,0,0,0,0,0,0,0,0.0137606835605,1,-1.0,0.0,0,0,1,0,0,1,0.0
-1,0.2125,0,0,0,0,0,0,0,0,0.143462445631,1,0.18,0.0,0,1,0,0,0,1,0.0
-1,0.75,0,0,0,0,0,0,0,0,0.0507486202231,0,-1.0,0.0,0,1,0,0,0,1,0.125
-1,0.475,0,0,0,0,0,0,0,0,0.0151757893167,0,-1.0,0.222222222222,0,0,1,0,0,1,0.5
-1,0.525,0,1,0,0,0,0,0,0,0.0829544753647,1,-1.0,0.0,1,0,0,0,0,1,0.0
-1,0.275,0,0,0,0,0,0,0,0,0.0153791741716,0,-1.0,0.0,0,0,1,0,1,0,0.0
-1,0.7125,0,0,0,0,0,0,0,0,0.321798367144,1,-1.0,0.111111111111,1,0,0,0,0,1,0.125
-1,0.625,0,0,1,0,0,0,0,0,0.412820506815,0,-1.0,0.111111111111,1,0,0,1,0,0,0.125
-1,0.3125,0,0,0,0,0,0,0,0,0.0157125535691,1,-1.0,0.0,0,0,1,0,0,1,0.0
-1,0.375,0,0,0,0,0,0,0,0,0.0270496001399,0,-1.0,0.0,0,1,0,1,0,0,0.125
-1,0.2625,0,0,0,0,0,0,0,0,0.0157125535691,1,-1.0,0.0,0,0,1,0,0,1,0.0
-1,0.275,0,0,0,0,0,1,0,0,0.0204946350901,0,0.18,0.0,0,1,0,0,0,1,0.0
-1,0.2625,0,0,0,0,0,0,0,0,0.0152163882129,1,-1.0,0.0,0,0,1,0,0,1,0.0
-1,0.6625,0,0,0,0,0,0,0,0,0.0535706338815,0,-1.0,0.0,1,0,0,1,0,0,0.0
-1,0.275,0,0,0,0,0,0,0,0,0.0297578197768,0,-1.0,0.222222222222,0,0,1,1,0,0,0.0
-1,0.2875,0,0,0,0,0,0,0,0,0.0152163882129,1,0.25,0.0,0,0,1,0,0,1,0.0
-1,0.275,0,0,0,0,0,0,0,0,0.0151269925665,0,0.18,0.0,0,0,1,0,1,0,0.0
-1,0.50625,0,0,0,0,0,0,0,0,0.0294732371296,1,-1.0,0.0,0,0,1,0,0,1,0.0
-1,0.45,0,0,0,0,0,0,0,0,0.0253743101115,1,-1.0,0.0,0,1,0,0,0,1,0.0
-1,0.175,0,0,0,0,0,0,0,0,0.126871550558,1,0.18,0.0,0,1,0,0,0,1,0.0
-1,0.2625,0,0,0,0,0,0,0,0,0.0518221487278,0,-1.0,0.0,1,0,0,0,0,1,0.0
-1,0.2625,0,0,0,0,0,0,0,0,0.0126789572017,1,-1.0,0.0,0,0,1,0,0,1,0.125
-1,0.3125,0,0,0,0,0,0,0,0,0.0153791741716,1,-1.0,0.0,0,0,1,0,1,0,0.0
-1,0.4875,0,0,1,0,0,0,0,0,0.139135735383,1,0.25,0.0,1,0,0,1,0,0,0.125
-1,0.25,0,0,0,0,0,0,0,0,0.0153303774214,1,-1.0,0.0,0,0,1,0,0,1,0.0
-1,0.8,0,0,0,1,0,0,0,0,0.146878218146,1,-1.0,0.0,1,0,0,1,0,0,0.125
-1,0.25,0,0,0,0,0,0,0,0,0.014102260812,1,-1.0,0.0,0,0,1,1,0,0,0.0
-1,0.225,0,0,0,0,0,0,0,0,0.0253743101115,0,0.25,0.111111111111,0,1,0,0,0,1,0.125
-1,0.6,0,0,1,0,0,0,0,0,0.207727765663,0,0.18,0.0,1,0,0,1,0,0,0.125
-1,0.6875,0,0,0,0,0,0,0,0,0.0541073981339,0,-1.0,0.0,1,0,0,1,0,0,0.0
-1,0.5625,0,0,0,0,0,0,0,0,0.0585561002574,0,-1.0,0.222222222222,0,1,0,0,0,1,0.0
-1,0.5625,0,0,0,0,1,0,0,0,0.262526516154,1,0.25,0.111111111111,1,0,0,1,0,0,0.125
-1,0.3125,0,0,0,0,0,0,0,0,0.0153953746927,1,-1.0,0.0,0,0,1,0,0,1,0.0
-1,0.3125,0,0,0,0,0,0,0,0,0.0457713517012,1,-1.0,0.222222222222,0,0,1,0,0,1,0.125
-1,0.5125,0,0,0,1,0,0,0,0,0.10122885832,1,0.25,0.0,1,0,0,0,0,1,0.125
-1,0.275,0,0,0,0,0,0,0,0,0.0409892701802,0,-1.0,0.0,0,1,0,0,0,1,0.0
-1,0.525,0,0,0,0,0,0,0,0,0.0634357752789,1,0.25,0.111111111111,0,1,0,0,0,1,0.125
-1,0.3625,0,0,0,0,0,0,0,0,0.0507486202231,0,-1.0,0.0,0,1,0,0,0,1,0.125
-1,0.275,0,0,0,0,0,0,0,0,0.028212719478,0,-1.0,0.0,0,0,1,1,0,0,0.125
-1,0.0115,0,0,0,0,0,0,0,0,0.0541643927381,0,0.3,0.222222222222,0,1,0,0,0,1,0.125
-1,0.25,0,0,0,0,0,0,0,0,0.015468569818,1,-1.0,0.0,0,0,1,0,0,1,0.0
-1,0.3375,0,0,1,0,0,0,0,0,0.266975218278,1,0.18,0.0,1,0,0,1,0,0,0.125
-1,0.3,0,0,0,0,0,0,0,0,0.01820118783,1,0.25,0.0,0,0,1,0,0,1,0.0
-1,0.40625,0,0,0,0,0,0,0,0,0.0185427650815,1,-1.0,0.0,0,0,1,0,0,1,0.0
-1,0.3125,0,0,0,0,0,0,0,0,0.0147366185648,1,-1.0,0.0,0,0,1,0,0,1,0.0
-1,0.3125,0,0,0,0,0,0,0,0,0.0151269925665,1,-1.0,0.0,0,0,1,0,1,0,0.0
-1,0.35,0,0,0,0,0,0,0,0,0.0157125535691,1,-1.0,0.0,0,0,1,0,0,1,0.0
-1,0.2375,0,0,0,0,0,0,0,0,0.0253743101115,0,0.8,0.0,0,1,0,0,0,1,0.0
-1,0.2625,0,0,0,0,0,0,0,0,0.0151757893167,1,-1.0,0.0,0,0,1,0,0,1,0.0
-1,0.45625,0,0,0,0,0,0,0,0,0.0339625381493,1,0.18,0.0,0,0,1,0,0,1,0.125
-1,0.2625,0,0,0,0,0,0,0,0,0.0153303774214,1,-1.0,0.0,0,0,1,0,0,1,0.0
-1,0.3625,0,0,0,0,0,0,0,0,0.0448930101973,0,-1.0,0.222222222222,0,1,0,0,0,1,0.0
-1,0.0125,0,0,0,0,0,0,0,0,0.0237802178755,0,0.25,0.111111111111,0,0,1,0,0,1,0.125
-1,0.375,0,0,0,0,0,0,0,0,0.0248619442343,1,0.18,0.0,0,1,0,1,0,0,0.0
-1,0.3125,0,0,0,0,0,0,0,0,0.0154115752137,1,-1.0,0.0,0,0,1,0,0,1,0.0
-1,0.525,0,0,0,0,0,0,0,0,0.0,1,-1.0,0.0,1,0,0,0,0,1,0.0
-1,0.3125,0,0,0,0,0,0,0,0,0.0147366185648,1,-1.0,0.0,0,0,1,0,0,1,0.0
-1,0.275,0,0,0,0,0,0,0,0,0.0157125535691,0,0.25,0.0,0,0,1,0,0,1,0.0
-1,0.2125,0,0,0,0,0,0,0,0,0.0169080739493,1,-1.0,0.0,0,0,1,0,0,1,0.0
-1,0.575,0,0,1,0,0,0,0,0,0.146862017625,1,-1.0,0.0,1,0,0,1,0,0,0.0
-1,0.3125,0,0,0,0,0,0,0,0,0.0151269925665,1,0.18,0.0,0,0,1,0,1,0,0.0
-1,0.325,0,0,1,0,0,0,0,0,0.266975218278,0,1.0,0.0,1,0,0,1,0,0,0.125
-1,0.275,0,0,0,0,0,0,0,0,0.030253985133,0,0.25,0.0,0,0,1,0,1,0,0.125
-1,0.3125,0,0,0,0,0,0,0,0,0.014102260812,1,-1.0,0.0,0,0,1,1,0,0,0.0
-1,0.25,0,0,0,0,0,0,0,0,0.0507486202231,0,-1.0,0.0,0,1,0,0,0,1,0.125
-1,0.35,0,0,0,0,0,0,0,0,0.0204946350901,1,-1.0,0.0,0,1,0,0,0,1,0.0
-1,0.5,0,0,0,0,0,0,0,0,0.0507486202231,1,-1.0,0.0,0,1,0,0,0,1,0.125
-1,0.375,0,0,0,0,0,0,0,0,0.0409892701802,1,-1.0,0.0,0,1,0,0,0,1,0.125
-1,0.275,0,0,0,0,0,0,0,0,0.0204946350901,1,-1.0,0.0,0,1,0,0,0,1,0.0
-1,0.2875,0,0,0,0,0,0,0,0,0.0169080739493,0,-1.0,0.0,0,0,1,0,0,1,0.0
-1,0.009375,0,0,0,0,0,0,0,0,0.0268870093682,1,-1.0,0.111111111111,0,0,1,0,0,1,0.125
-1,0.275,0,0,0,0,0,0,0,0,0.0151269925665,0,-1.0,0.0,0,0,1,0,1,0,0.0
-1,0.1125,0,0,0,0,0,0,0,0,0.0297578197768,0,-1.0,0.111111111111,0,0,1,1,0,0,0.125
-1,0.025,0,0,0,0,0,0,0,0,0.0394521725484,0,0.25,0.111111111111,0,0,1,0,0,1,0.125
-1,0.45,0,0,0,0,0,0,0,0,0.0141510575622,1,-1.0,0.0,0,0,1,0,0,1,0.0
-1,0.3125,0,0,0,0,0,0,0,0,0.0141510575622,1,-1.0,0.0,0,0,1,0,0,1,0.0
-1,0.3,0,1,0,0,0,0,0,0,0.160573904435,1,-1.0,0.0,1,0,0,0,0,1,0.125
-1,0.3125,0,0,0,0,0,1,0,0,0.014110458666,1,-1.0,0.0,0,0,1,1,0,0,0.0
-1,0.3125,0,0,0,0,0,0,0,0,0.0157125535691,1,-1.0,0.0,0,0,1,0,0,1,0.0
-1,0.525,0,0,0,0,0,0,0,0,0.0772940523398,1,-1.0,0.0,1,0,0,0,0,1,0.0
-1,0.375,0,0,0,0,0,0,0,0,0.0135654965596,0,-1.0,0.0,0,0,1,0,1,0,0.0
-1,0.3125,0,0,0,0,0,0,0,0,0.014110458666,1,-1.0,0.0,0,0,1,1,0,0,0.0
-1,0.6625,1,0,0,0,0,0,0,0,0.159776760723,1,-1.0,0.111111111111,1,0,0,0,0,1,0.125
-1,0.45,0,0,0,0,0,0,0,0,0.0185427650815,1,-1.0,0.0,0,0,1,0,0,1,0.0
-1,0.325,0,0,0,0,0,0,0,0,0.0154115752137,1,-1.0,0.0,0,0,1,0,0,1,0.0
-1,0.0125,0,0,0,0,0,0,0,0,0.0811571934608,0,-1.0,0.222222222222,0,1,0,1,0,0,0.125
-1,0.3125,0,0,0,0,0,0,0,0,0.04231498029,1,-1.0,0.0,0,0,1,1,0,0,0.25
-1,0.375,0,0,0,0,0,0,0,0,0.0888100853904,1,-1.0,0.0,1,0,0,0,0,1,0.0
-1,0.3625,0,0,0,0,0,0,0,0,0.0153303774214,1,-1.0,0.0,0,0,1,0,0,1,0.0
-1,0.4,0,0,0,0,0,0,0,0,0.0151757893167,1,0.8,0.0,0,0,1,0,0,1,0.0
-1,0.36875,0,0,0,1,0,0,0,0,0.0293674457751,1,-1.0,0.0,0,1,0,1,0,0,0.0
-1,0.5375,0,0,0,0,0,0,0,0,0.0409892701802,1,0.25,0.111111111111,0,1,0,0,0,1,0.0
-1,0.3,0,0,0,0,0,0,0,0,0.0169080739493,1,-1.0,0.0,0,0,1,0,0,1,0.0
-1,0.275,0,0,0,0,0,0,0,0,0.0151269925665,0,0.25,0.0,0,0,1,0,1,0,0.0
-1,0.8,0,1,0,0,0,0,0,0,0.0518221487278,0,-1.0,0.111111111111,1,0,0,0,0,1,0.125
-1,0.375,0,0,1,0,0,0,0,0,0.2958058998,1,-1.0,0.222222222222,1,0,0,0,0,1,0.125
-1,0.010375,0,0,0,0,0,0,0,0,0.0182499845802,1,-1.0,0.111111111111,0,0,1,0,0,1,0.0
-1,0.6875,0,1,0,0,0,0,0,0,0.182499845802,1,-1.0,0.111111111111,1,0,0,0,0,1,0.125
-1,0.5625,0,0,0,0,0,0,0,0,0.0275375676421,0,-1.0,0.0,0,0,1,0,0,1,0.125
-1,0.225,0,0,0,0,0,0,0,0,0.0169080739493,1,-1.0,0.0,0,0,1,0,0,1,0.0
-1,0.275,0,0,0,0,0,0,0,0,0.014102260812,1,-1.0,0.0,0,0,1,1,0,0,0.0
-1,0.3125,0,0,0,0,0,0,0,0,0.014785415315,1,0.25,0.0,0,0,1,0,0,1,0.0
-1,0.4625,0,0,0,0,0,0,0,0,0.0151269925665,0,-1.0,0.0,0,0,1,0,1,0,0.0
-1,0.6875,0,0,1,0,0,0,0,0,0.264738570435,0,-1.0,0.0,1,0,0,1,0,0,0.0
-1,0.2125,0,0,0,0,0,0,0,0,0.0150943963374,0,-1.0,0.0,0,0,1,0,1,0,0.0
-1,0.7125,0,1,0,0,0,0,0,0,0.285989555153,1,-1.0,0.0,1,0,0,1,0,0,0.125
-1,0.2375,0,0,0,0,0,0,0,0,0.0204946350901,1,-1.0,0.0,0,1,0,0,0,1,0.0
-1,0.3375,0,0,0,0,0,0,0,0,0.0153303774214,1,0.7,0.0,0,0,1,0,0,1,0.0
-1,0.275,0,0,0,0,0,0,0,0,0.0614839052703,1,-1.0,0.0,0,1,0,0,0,1,0.25
-1,0.325,0,0,0,0,0,0,0,0,0.0151757893167,1,-1.0,0.0,0,0,1,0,0,1,0.0
-1,0.3125,0,0,0,0,0,1,0,0,0.014110458666,1,-1.0,0.0,0,0,1,1,0,0,0.0
-1,0.325,0,0,0,0,0,1,0,0,0.0253743101115,1,0.7,0.0,0,1,0,0,0,1,0.0
-1,0.4125,0,0,0,0,0,0,0,0,0.0518221487278,1,-1.0,0.0,1,0,0,0,0,1,0.0
-1,0.4875,0,0,0,0,0,0,0,0,0.412503327938,0,0.3,0.0,1,0,0,0,0,1,0.0
-1,0.2875,0,0,0,0,0,0,0,0,0.0137606835605,1,-1.0,0.0,0,0,1,0,0,1,0.0
-1,0.15,0,0,0,0,0,1,0,0,0.0761229303346,0,-1.0,0.111111111111,0,1,0,0,0,1,0.25
-1,0.575,0,0,0,0,0,0,0,0,0.15458810468,1,-1.0,0.0,1,0,0,1,0,0,0.0
-1,0.3625,0,0,0,0,0,0,0,0,0.0507486202231,1,-1.0,0.0,0,1,0,0,0,1,0.125
-1,0.2625,0,0,0,0,0,0,0,0,0.0253743101115,1,-1.0,0.0,0,1,0,0,0,1,0.0
-1,0.6,0,0,0,0,0,0,0,0,0.0717312228153,0,-1.0,0.222222222222,0,1,0,0,0,1,0.0
-1,0.4875,1,0,0,0,0,0,0,0,0.0579705392548,1,-1.0,0.0,1,0,0,1,0,0,0.0
-1,0.3125,0,0,0,0,0,0,0,0,0.014102260812,1,0.3,0.0,0,0,1,1,0,0,0.0
-1,0.2375,0,0,0,0,0,0,0,0,0.0307257521141,0,-1.0,0.111111111111,0,0,1,1,0,0,0.125
-1,0.3375,0,0,0,0,0,0,0,0,0.0154115752137,1,0.18,0.0,0,0,1,0,0,1,0.0
-1,0.375,0,0,1,0,0,0,0,0,0.0507486202231,1,-1.0,0.0,1,0,0,0,0,1,0.0
-1,0.4,0,0,0,0,0,0,0,0,0.0253743101115,1,0.18,0.0,0,1,0,0,0,1,0.0
-1,0.4875,0,0,0,0,0,0,0,0,0.014110458666,1,1.0,0.222222222222,0,0,1,1,0,0,0.0
-1,0.3125,0,0,0,0,0,0,0,0,0.0614839052703,1,-1.0,0.0,0,1,0,0,0,1,0.0
-1,0.3125,0,0,0,0,0,0,0,0,0.014110458666,1,-1.0,0.0,0,0,1,1,0,0,0.0
-1,0.225,0,0,0,0,0,0,0,0,0.0204946350901,1,-1.0,0.0,0,1,0,0,0,1,0.0
-1,0.4,0,0,0,0,0,0,0,0,0.014793613169,1,1.0,0.0,0,0,1,0,0,1,0.0
-1,0.3125,0,0,0,0,0,0,0,0,0.135752559097,1,-1.0,1.0,0,0,1,0,0,1,0.125
-1,0.725,0,1,0,0,0,0,0,0,1.0,0,0.25,0.111111111111,1,0,0,1,0,0,0.0
-1,0.3125,0,0,0,0,0,0,0,0,0.0283021151244,1,-1.0,0.111111111111,0,0,1,0,0,1,0.125
-1,0.2,0,0,0,0,0,0,0,0,0.0149318055656,0,-1.0,0.0,0,0,1,0,0,1,0.0
-1,0.325,0,0,0,0,0,0,0,0,0.0253743101115,1,-1.0,0.0,0,1,0,0,0,1,0.0
-1,0.475,0,0,0,0,0,0,0,0,0.014110458666,0,0.18,0.0,0,0,1,1,0,0,0.0
-1,0.3,0,0,0,0,0,0,0,0,0.0263502451158,1,0.25,0.0,0,1,0,0,0,1,0.0
-1,0.3875,0,0,0,0,0,0,0,0,0.0409892701802,0,-1.0,0.0,0,1,0,0,0,1,0.0
-1,0.5625,0,0,0,1,0,0,0,0,0.123667165565,0,-1.0,0.111111111111,1,0,0,1,0,0,0.0
-1,0.3125,0,0,0,0,0,0,0,0,0.0204946350901,1,0.25,0.0,0,1,0,0,0,1,0.0
-1,0.225,0,0,0,0,0,0,0,0,0.143462445631,1,-1.0,0.0,0,1,0,0,0,1,0.0
-1,0.6125,0,0,0,0,0,0,0,0,0.126871550558,1,-1.0,0.222222222222,0,1,0,0,0,1,0.125
-1,0.002125,0,0,0,0,0,0,0,0,0.0401597254265,0,-1.0,0.222222222222,0,0,1,0,0,1,0.125
-1,0.625,0,0,0,0,1,0,0,0,0.0507486202231,1,-1.0,0.0,1,0,0,0,0,1,0.0
-1,0.7375,0,0,1,0,0,0,0,0,0.100480706546,0,-1.0,0.0,1,0,0,0,0,1,0.25
-1,0.3125,0,0,0,0,0,0,0,0,0.0153791741716,1,-1.0,0.0,0,0,1,0,0,1,0.0
-1,0.3125,0,0,0,0,0,0,0,0,0.0151269925665,1,0.7,0.0,0,0,1,0,1,0,0.0
-1,0.375,0,0,0,0,0,0,0,0,0.0303515786334,0,0.7,0.0,0,0,1,0,0,1,0.125
-1,0.18125,0,0,0,0,0,0,0,0,0.135752559097,1,-1.0,0.222222222222,0,0,1,0,0,1,1.0
-1,0.3,0,0,0,0,0,0,0,0,0.0722273881715,0,-1.0,0.111111111111,0,1,0,1,0,0,0.125
-1,0.3875,0,0,0,0,0,0,0,0,0.0409892701802,0,-1.0,0.0,0,1,0,0,0,1,0.0
-1,0.3375,0,0,0,0,0,0,0,0,0.0169080739493,1,-1.0,0.0,0,0,1,0,0,1,0.0
-1,0.3125,0,0,0,0,1,0,0,0,0.108214991455,0,0.18,0.0,1,0,0,1,0,0,0.125
-1,0.275,0,0,0,0,0,0,0,0,0.135752559097,0,-1.0,1.0,0,0,1,0,0,1,0.125
-1,0.3125,0,0,0,0,0,0,0,0,0.0282207221451,1,0.8,0.0,0,0,1,1,0,0,0.125
-1,0.275,0,0,0,0,0,0,0,0,0.0774648409655,0,-1.0,0.0,0,0,1,0,0,1,0.0
-1,0.5625,0,0,0,0,0,0,0,0,0.11594107851,0,-1.0,0.111111111111,1,0,0,1,0,0,0.0
-1,0.3625,0,0,0,0,0,0,0,0,0.0270496001399,1,-1.0,0.0,0,1,0,1,0,0,0.0
-1,0.2625,0,0,0,0,0,0,0,0,0.0224465050987,1,0.3,0.0,0,1,0,0,0,1,0.125
-1,0.3875,0,0,0,0,1,0,0,0,0.262526516154,0,-1.0,0.0,1,0,0,1,0,0,0.0
-1,0.6125,0,1,0,0,0,0,0,0,0.0,1,0.18,0.0,1,0,0,0,0,1,0.0
-1,0.55,0,0,0,0,0,0,0,0,0.0253743101115,1,-1.0,0.0,0,1,0,0,0,1,0.0
-1,0.675,1,0,0,0,0,0,0,0,0.159776760723,0,-1.0,0.111111111111,1,0,0,0,0,1,0.125
-1,0.5625,0,0,0,0,0,0,0,0,0.512121893501,0,-1.0,0.0,1,0,0,1,0,0,0.0
-1,0.275,0,0,0,0,0,0,0,0,0.0169080739493,0,-1.0,0.0,0,0,1,0,0,1,0.25
-1,0.2625,0,0,0,0,0,0,0,0,0.0224465050987,1,-1.0,0.0,0,1,0,0,0,1,0.0
-1,0.6875,0,0,1,0,0,0,0,0,0.097593500429,1,-1.0,0.0,1,0,0,0,0,1,0.0
-1,0.0625,0,0,0,0,0,0,0,0,0.0612643198943,1,-1.0,0.222222222222,0,0,1,0,0,1,0.5
-1,0.3125,0,0,0,0,0,0,0,0,0.0151269925665,1,-1.0,0.0,0,0,1,0,1,0,0.0
-1,0.325,0,0,0,0,0,0,0,0,0.0153791741716,1,0.7,0.0,0,0,1,0,1,0,0.0
-1,0.275,0,0,0,0,0,0,0,0,0.0283021151244,0,-1.0,0.0,0,0,1,0,0,1,0.0
-1,0.2375,0,0,0,0,0,0,0,0,0.0314251071381,0,0.7,0.0,0,0,1,0,0,1,0.125
-1,0.36875,0,0,0,0,0,0,0,0,0.0251303263605,1,-1.0,0.0,0,1,0,0,0,1,0.0
-1,0.3,0,0,0,0,0,0,0,0,0.126871550558,0,0.18,0.222222222222,0,1,0,0,0,1,0.125
-1,0.3,0,0,0,0,0,0,0,0,0.0151757893167,1,-1.0,0.0,0,0,1,0,0,1,0.0
-1,0.7125,0,0,0,0,0,0,0,0,0.0253743101115,1,-1.0,0.0,0,1,0,0,0,1,0.0
-1,0.2625,0,0,0,0,0,0,0,0,0.0151269925665,1,-1.0,0.0,0,0,1,0,1,0,0.0
-1,0.075,0,0,0,0,0,0,0,0,0.0411356604308,1,-1.0,0.111111111111,0,0,1,0,0,1,0.375
-1,0.2875,0,1,0,0,0,0,0,0,0.182499845802,1,0.25,0.0,1,0,0,0,0,1,0.0
-1,0.6375,0,0,0,1,0,0,0,0,0.0769036783381,0,-1.0,0.111111111111,1,0,0,0,0,1,0.0
-1,0.1625,0,0,0,0,0,0,0,0,0.0395253676738,1,-1.0,0.222222222222,0,0,1,0,0,1,0.0
-1,0.5875,0,0,0,0,0,0,0,0,0.0204946350901,1,-1.0,0.0,0,1,0,0,0,1,0.0
-1,0.3625,0,0,0,0,0,0,0,0,0.042989936939,1,-1.0,0.111111111111,0,0,1,0,0,1,0.375
-1,0.225,0,0,1,0,0,0,0,0,0.117112200515,0,-1.0,0.0,1,0,0,0,0,1,0.125
-1,0.3,0,0,0,0,0,0,0,0,0.0141510575622,1,-1.0,0.0,0,0,1,0,1,0,0.0
-1,0.6,0,1,0,0,0,0,0,0,0.15458810468,0,-1.0,0.111111111111,1,0,0,1,0,0,0.125
-1,0.275,0,0,0,0,0,0,0,0,0.0151757893167,1,-1.0,0.0,0,0,1,0,0,1,0.0
-1,0.3875,0,0,0,0,0,0,0,0,0.0150943963374,1,0.25,0.0,0,0,1,0,1,0,0.0
-1,0.375,0,0,1,0,0,0,0,0,0.321798367144,0,-1.0,0.0,1,0,0,0,0,1,0.0
-1,0.475,0,0,0,0,0,0,0,0,0.0409892701802,1,-1.0,0.0,0,1,0,0,0,1,0.125
-1,0.275,0,0,0,0,0,0,0,0,0.11594107851,0,-1.0,0.111111111111,1,0,0,1,0,0,0.0
-1,0.2125,0,0,0,0,0,0,0,0,0.0919330774041,1,-1.0,0.0,1,0,0,0,0,1,0.0
-1,0.5375,0,0,0,1,0,0,0,0,0.0541073981339,1,-1.0,0.0,1,0,0,1,0,0,0.125
-1,0.25,0,0,0,1,0,0,0,0,0.0270577979939,1,-1.0,0.0,0,1,0,1,0,0,0.0
-1,0.2875,0,0,0,0,0,0,0,0,0.0204946350901,1,0.25,0.0,0,1,0,0,0,1,0.125
-1,0.625,0,0,1,0,0,0,0,0,0.412820506815,1,0.25,0.111111111111,1,0,0,1,0,0,0.125
-1,0.275,0,0,0,0,0,0,0,0,0.0150699979622,0,-1.0,0.0,0,0,1,0,1,0,0.0
-1,0.0375,0,0,0,0,0,0,0,0,0.0268870093682,0,-1.0,0.111111111111,0,0,1,0,0,1,0.125
-1,0.275,0,0,0,0,0,0,0,0,0.0151269925665,0,-1.0,0.0,0,0,1,0,1,0,0.0
-1,0.4625,0,0,1,0,0,0,0,0,0.175668300772,0,0.18,0.0,1,0,0,0,1,0,0.125
-1,0.35,0,0,0,0,0,0,0,0,0.0151757893167,0,-1.0,0.0,0,0,1,0,0,1,0.0
-1,0.3125,0,0,0,0,0,0,0,0,0.0157125535691,1,-1.0,0.0,0,0,1,0,0,1,0.0
-1,0.4875,0,0,1,0,0,0,0,0,0.212558643934,0,-1.0,0.0,1,0,0,1,0,0,0.0
-1,0.48125,0,0,0,0,0,0,0,0,0.0141510575622,1,0.18,0.0,0,0,1,0,0,1,0.0
-1,0.3125,0,0,0,0,0,0,0,0,0.0157125535691,1,-1.0,0.0,0,0,1,0,0,1,0.0
-1,0.3125,0,0,0,0,0,0,0,0,0.0436404952128,1,-1.0,0.111111111111,0,0,1,1,0,0,0.125
