,Survived,Pclass,SibSp,Parch,Gender,AgeFill,FareFill,PortFill
0,0,3,1,0,1,22.0,7.25,3.0
1,1,1,1,0,0,38.0,71.2833,1.0
2,1,3,0,0,0,26.0,7.925,3.0
3,1,1,1,0,0,35.0,53.1,3.0
4,0,3,0,0,1,35.0,8.05,3.0
5,0,3,0,0,1,25.0,8.4583,2.0
6,0,1,0,0,1,54.0,51.8625,3.0
7,0,3,3,1,1,2.0,21.075,3.0
8,1,3,0,2,0,27.0,11.1333,3.0
9,1,2,1,0,0,14.0,30.0708,1.0
10,1,3,1,1,0,4.0,16.7,3.0
11,1,1,0,0,0,58.0,26.55,3.0
12,0,3,0,0,1,20.0,8.05,3.0
13,0,3,1,5,1,39.0,31.275,3.0
14,0,3,0,0,0,14.0,7.8542,3.0
15,1,2,0,0,0,55.0,16.0,3.0
16,0,3,4,1,1,2.0,29.125,2.0
17,1,2,0,0,1,30.0,13.0,3.0
18,0,3,1,0,0,31.0,18.0,3.0
19,1,3,0,0,0,21.5,7.225,1.0
20,0,2,0,0,1,35.0,26.0,3.0
21,1,2,0,0,1,34.0,13.0,3.0
22,1,3,0,0,0,15.0,8.0292,2.0
23,1,1,0,0,1,28.0,35.5,3.0
24,0,3,3,1,0,8.0,21.075,3.0
25,1,3,1,5,0,38.0,31.3875,3.0
26,0,3,0,0,1,25.0,7.225,1.0
27,0,1,3,2,1,19.0,263.0,3.0
28,1,3,0,0,0,21.5,7.8792,2.0
29,0,3,0,0,1,25.0,7.8958,3.0
30,0,1,0,0,1,40.0,27.7208,1.0
31,1,1,1,0,0,35.0,146.5208,1.0
32,1,3,0,0,0,21.5,7.75,2.0
33,0,2,0,0,1,66.0,10.5,3.0
34,0,1,1,0,1,28.0,82.1708,1.0
35,0,1,1,0,1,42.0,52.0,3.0
36,1,3,0,0,1,25.0,7.2292,1.0
37,0,3,0,0,1,21.0,8.05,3.0
38,0,3,2,0,0,18.0,18.0,3.0
39,1,3,1,0,0,14.0,11.2417,1.0
40,0,3,1,0,0,40.0,9.475,3.0
41,0,2,1,0,0,27.0,21.0,3.0
42,0,3,0,0,1,25.0,7.8958,1.0
43,1,2,1,2,0,3.0,41.5792,1.0
44,1,3,0,0,0,19.0,7.8792,2.0
45,0,3,0,0,1,25.0,8.05,3.0
46,0,3,1,0,1,25.0,15.5,2.0
47,1,3,0,0,0,21.5,7.75,2.0
48,0,3,2,0,1,25.0,21.6792,1.0
49,0,3,1,0,0,18.0,17.8,3.0
50,0,3,4,1,1,7.0,39.6875,3.0
51,0,3,0,0,1,21.0,7.8,3.0
52,1,1,1,0,0,49.0,76.7292,1.0
53,1,2,1,0,0,29.0,26.0,3.0
54,0,1,0,1,1,65.0,61.9792,1.0
55,1,1,0,0,1,40.0,35.5,3.0
56,1,2,0,0,0,21.0,10.5,3.0
57,0,3,0,0,1,28.5,7.2292,1.0
58,1,2,1,2,0,5.0,27.75,3.0
59,0,3,5,2,1,11.0,46.9,3.0
60,0,3,0,0,1,22.0,7.2292,1.0
61,1,1,0,0,0,38.0,80.0,3.0
62,0,1,1,0,1,45.0,83.475,3.0
63,0,3,3,2,1,4.0,27.9,3.0
64,0,1,0,0,1,40.0,27.7208,1.0
65,1,3,1,1,1,25.0,15.2458,1.0
66,1,2,0,0,0,29.0,10.5,3.0
67,0,3,0,0,1,19.0,8.1583,3.0
68,1,3,4,2,0,17.0,7.925,3.0
69,0,3,2,0,1,26.0,8.6625,3.0
70,0,2,0,0,1,32.0,10.5,3.0
71,0,3,5,2,0,16.0,46.9,3.0
72,0,2,0,0,1,21.0,73.5,3.0
73,0,3,1,0,1,26.0,14.4542,1.0
74,1,3,0,0,1,32.0,56.4958,3.0
75,0,3,0,0,1,25.0,7.65,3.0
76,0,3,0,0,1,25.0,7.8958,3.0
77,0,3,0,0,1,25.0,8.05,3.0
78,1,2,0,2,1,0.83,29.0,3.0
79,1,3,0,0,0,30.0,12.475,3.0
80,0,3,0,0,1,22.0,9.0,3.0
81,1,3,0,0,1,29.0,9.5,3.0
82,1,3,0,0,0,21.5,7.7875,2.0
83,0,1,0,0,1,28.0,47.1,3.0
84,1,2,0,0,0,17.0,10.5,3.0
85,1,3,3,0,0,33.0,15.85,3.0
86,0,3,1,3,1,16.0,34.375,3.0
87,0,3,0,0,1,25.0,8.05,3.0
88,1,1,3,2,0,23.0,263.0,3.0
89,0,3,0,0,1,24.0,8.05,3.0
90,0,3,0,0,1,29.0,8.05,3.0
91,0,3,0,0,1,20.0,7.8542,3.0
92,0,1,1,0,1,46.0,61.175,3.0
93,0,3,1,2,1,26.0,20.575,3.0
94,0,3,0,0,1,59.0,7.25,3.0
95,0,3,0,0,1,25.0,8.05,3.0
96,0,1,0,0,1,71.0,34.6542,1.0
97,1,1,0,1,1,23.0,63.3583,1.0
98,1,2,0,1,0,34.0,23.0,3.0
99,0,2,1,0,1,34.0,26.0,3.0
100,0,3,0,0,0,28.0,7.8958,3.0
101,0,3,0,0,1,25.0,7.8958,3.0
102,0,1,0,1,1,21.0,77.2875,3.0
103,0,3,0,0,1,33.0,8.6542,3.0
104,0,3,2,0,1,37.0,7.925,3.0
105,0,3,0,0,1,28.0,7.8958,3.0
106,1,3,0,0,0,21.0,7.65,3.0
107,1,3,0,0,1,25.0,7.775,3.0
108,0,3,0,0,1,38.0,7.8958,3.0
109,1,3,1,0,0,21.5,24.15,2.0
110,0,1,0,0,1,47.0,52.0,3.0
111,0,3,1,0,0,14.5,14.4542,1.0
112,0,3,0,0,1,22.0,8.05,3.0
113,0,3,1,0,0,20.0,9.825,3.0
114,0,3,0,0,0,17.0,14.4583,1.0
115,0,3,0,0,1,21.0,7.925,3.0
116,0,3,0,0,1,70.5,7.75,2.0
117,0,2,1,0,1,29.0,21.0,3.0
118,0,1,0,1,1,24.0,247.5208,1.0
119,0,3,4,2,0,2.0,31.275,3.0
120,0,2,2,0,1,21.0,73.5,3.0
121,0,3,0,0,1,25.0,8.05,3.0
122,0,2,1,0,1,32.5,30.0708,1.0
123,1,2,0,0,0,32.5,13.0,3.0
124,0,1,0,1,1,54.0,77.2875,3.0
125,1,3,1,0,1,12.0,11.2417,1.0
126,0,3,0,0,1,25.0,7.75,2.0
127,1,3,0,0,1,24.0,7.1417,3.0
128,1,3,1,1,0,21.5,22.3583,1.0
129,0,3,0,0,1,45.0,6.975,3.0
130,0,3,0,0,1,33.0,7.8958,1.0
131,0,3,0,0,1,20.0,7.05,3.0
132,0,3,1,0,0,47.0,14.5,3.0
133,1,2,1,0,0,29.0,26.0,3.0
134,0,2,0,0,1,25.0,13.0,3.0
135,0,2,0,0,1,23.0,15.0458,1.0
136,1,1,0,2,0,19.0,26.2833,3.0
137,0,1,1,0,1,37.0,53.1,3.0
138,0,3,0,0,1,16.0,9.2167,3.0
139,0,1,0,0,1,24.0,79.2,1.0
140,0,3,0,2,0,21.5,15.2458,1.0
141,1,3,0,0,0,22.0,7.75,3.0
142,1,3,1,0,0,24.0,15.85,3.0
143,0,3,0,0,1,19.0,6.75,2.0
144,0,2,0,0,1,18.0,11.5,3.0
145,0,2,1,1,1,19.0,36.75,3.0
146,1,3,0,0,1,27.0,7.7958,3.0
147,0,3,2,2,0,9.0,34.375,3.0
148,0,2,0,2,1,36.5,26.0,3.0
149,0,2,0,0,1,42.0,13.0,3.0
150,0,2,0,0,1,51.0,12.525,3.0
151,1,1,1,0,0,22.0,66.6,3.0
152,0,3,0,0,1,55.5,8.05,3.0
153,0,3,0,2,1,40.5,14.5,3.0
154,0,3,0,0,1,25.0,7.3125,3.0
155,0,1,0,1,1,51.0,61.3792,1.0
156,1,3,0,0,0,16.0,7.7333,2.0
157,0,3,0,0,1,30.0,8.05,3.0
158,0,3,0,0,1,25.0,8.6625,3.0
159,0,3,8,2,1,25.0,69.55,3.0
160,0,3,0,1,1,44.0,16.1,3.0
161,1,2,0,0,0,40.0,15.75,3.0
162,0,3,0,0,1,26.0,7.775,3.0
163,0,3,0,0,1,17.0,8.6625,3.0
164,0,3,4,1,1,1.0,39.6875,3.0
165,1,3,0,2,1,9.0,20.525,3.0
166,1,1,0,1,0,35.0,55.0,3.0
167,0,3,1,4,0,45.0,27.9,3.0
168,0,1,0,0,1,40.0,25.925,3.0
169,0,3,0,0,1,28.0,56.4958,3.0
170,0,1,0,0,1,61.0,33.5,3.0
171,0,3,4,1,1,4.0,29.125,2.0
172,1,3,1,1,0,1.0,11.1333,3.0
173,0,3,0,0,1,21.0,7.925,3.0
174,0,1,0,0,1,56.0,30.6958,1.0
175,0,3,1,1,1,18.0,7.8542,3.0
176,0,3,3,1,1,25.0,25.4667,3.0
177,0,1,0,0,0,50.0,28.7125,1.0
178,0,2,0,0,1,30.0,13.0,3.0
179,0,3,0,0,1,36.0,0.0,3.0
180,0,3,8,2,0,21.5,69.55,3.0
181,0,2,0,0,1,30.0,15.05,1.0
182,0,3,4,2,1,9.0,31.3875,3.0
183,1,2,2,1,1,1.0,39.0,3.0
184,1,3,0,2,0,4.0,22.025,3.0
185,0,1,0,0,1,40.0,50.0,3.0
186,1,3,1,0,0,21.5,15.5,2.0
187,1,1,0,0,1,45.0,26.55,3.0
188,0,3,1,1,1,40.0,15.5,2.0
189,0,3,0,0,1,36.0,7.8958,3.0
190,1,2,0,0,0,32.0,13.0,3.0
191,0,2,0,0,1,19.0,13.0,3.0
192,1,3,1,0,0,19.0,7.8542,3.0
193,1,2,1,1,1,3.0,26.0,3.0
194,1,1,0,0,0,44.0,27.7208,1.0
195,1,1,0,0,0,58.0,146.5208,1.0
196,0,3,0,0,1,25.0,7.75,2.0
197,0,3,0,1,1,42.0,8.4042,3.0
198,1,3,0,0,0,21.5,7.75,2.0
199,0,2,0,0,0,24.0,13.0,3.0
200,0,3,0,0,1,28.0,9.5,3.0
201,0,3,8,2,1,25.0,69.55,3.0
202,0,3,0,0,1,34.0,6.4958,3.0
203,0,3,0,0,1,45.5,7.225,1.0
204,1,3,0,0,1,18.0,8.05,3.0
205,0,3,0,1,0,2.0,10.4625,3.0
206,0,3,1,0,1,32.0,15.85,3.0
207,1,3,0,0,1,26.0,18.7875,1.0
208,1,3,0,0,0,16.0,7.75,2.0
209,1,1,0,0,1,40.0,31.0,1.0
210,0,3,0,0,1,24.0,7.05,3.0
211,1,2,0,0,0,35.0,21.0,3.0
212,0,3,0,0,1,22.0,7.25,3.0
213,0,2,0,0,1,30.0,13.0,3.0
214,0,3,1,0,1,25.0,7.75,2.0
215,1,1,1,0,0,31.0,113.275,1.0
216,1,3,0,0,0,27.0,7.925,3.0
217,0,2,1,0,1,42.0,27.0,3.0
218,1,1,0,0,0,32.0,76.2917,1.0
219,0,2,0,0,1,30.0,10.5,3.0
220,1,3,0,0,1,16.0,8.05,3.0
221,0,2,0,0,1,27.0,13.0,3.0
222,0,3,0,0,1,51.0,8.05,3.0
223,0,3,0,0,1,25.0,7.8958,3.0
224,1,1,1,0,1,38.0,90.0,3.0
225,0,3,0,0,1,22.0,9.35,3.0
226,1,2,0,0,1,19.0,10.5,3.0
227,0,3,0,0,1,20.5,7.25,3.0
228,0,2,0,0,1,18.0,13.0,3.0
229,0,3,3,1,0,21.5,25.4667,3.0
230,1,1,1,0,0,35.0,83.475,3.0
231,0,3,0,0,1,29.0,7.775,3.0
232,0,2,0,0,1,59.0,13.5,3.0
233,1,3,4,2,0,5.0,31.3875,3.0
234,0,2,0,0,1,24.0,10.5,3.0
235,0,3,0,0,0,21.5,7.55,3.0
236,0,2,1,0,1,44.0,26.0,3.0
237,1,2,0,2,0,8.0,26.25,3.0
238,0,2,0,0,1,19.0,10.5,3.0
239,0,2,0,0,1,33.0,12.275,3.0
240,0,3,1,0,0,21.5,14.4542,1.0
241,1,3,1,0,0,21.5,15.5,2.0
242,0,2,0,0,1,29.0,10.5,3.0
243,0,3,0,0,1,22.0,7.125,3.0
244,0,3,0,0,1,30.0,7.225,1.0
245,0,1,2,0,1,44.0,90.0,2.0
246,0,3,0,0,0,25.0,7.775,3.0
247,1,2,0,2,0,24.0,14.5,3.0
248,1,1,1,1,1,37.0,52.5542,3.0
249,0,2,1,0,1,54.0,26.0,3.0
250,0,3,0,0,1,25.0,7.25,3.0
251,0,3,1,1,0,29.0,10.4625,3.0
252,0,1,0,0,1,62.0,26.55,3.0
253,0,3,1,0,1,30.0,16.1,3.0
254,0,3,0,2,0,41.0,20.2125,3.0
255,1,3,0,2,0,29.0,15.2458,1.0
256,1,1,0,0,0,35.0,79.2,1.0
257,1,1,0,0,0,30.0,86.5,3.0
258,1,1,0,0,0,35.0,512.3292,1.0
259,1,2,0,1,0,50.0,26.0,3.0
260,0,3,0,0,1,25.0,7.75,2.0
261,1,3,4,2,1,3.0,31.3875,3.0
262,0,1,1,1,1,52.0,79.65,3.0
263,0,1,0,0,1,40.0,0.0,3.0
264,0,3,0,0,0,21.5,7.75,2.0
265,0,2,0,0,1,36.0,10.5,3.0
266,0,3,4,1,1,16.0,39.6875,3.0
267,1,3,1,0,1,25.0,7.775,3.0
268,1,1,0,1,0,58.0,153.4625,3.0
269,1,1,0,0,0,35.0,135.6333,3.0
270,0,1,0,0,1,40.0,31.0,3.0
271,1,3,0,0,1,25.0,0.0,3.0
272,1,2,0,1,0,41.0,19.5,3.0
273,0,1,0,1,1,37.0,29.7,1.0
274,1,3,0,0,0,21.5,7.75,2.0
275,1,1,1,0,0,63.0,77.9583,3.0
276,0,3,0,0,0,45.0,7.75,3.0
277,0,2,0,0,1,30.0,0.0,3.0
278,0,3,4,1,1,7.0,29.125,2.0
279,1,3,1,1,0,35.0,20.25,3.0
280,0,3,0,0,1,65.0,7.75,2.0
281,0,3,0,0,1,28.0,7.8542,3.0
282,0,3,0,0,1,16.0,9.5,3.0
283,1,3,0,0,1,19.0,8.05,3.0
284,0,1,0,0,1,40.0,26.0,3.0
285,0,3,0,0,1,33.0,8.6625,1.0
286,1,3,0,0,1,30.0,9.5,3.0
287,0,3,0,0,1,22.0,7.8958,3.0
288,1,2,0,0,1,42.0,13.0,3.0
289,1,3,0,0,0,22.0,7.75,2.0
290,1,1,0,0,0,26.0,78.85,3.0
291,1,1,1,0,0,19.0,91.0792,1.0
292,0,2,0,0,1,36.0,12.875,1.0
293,0,3,0,0,0,24.0,8.85,3.0
294,0,3,0,0,1,24.0,7.8958,3.0
295,0,1,0,0,1,40.0,27.7208,1.0
296,0,3,0,0,1,23.5,7.2292,1.0
297,0,1,1,2,0,2.0,151.55,3.0
298,1,1,0,0,1,40.0,30.5,3.0
299,1,1,0,1,0,50.0,247.5208,1.0
300,1,3,0,0,0,21.5,7.75,2.0
301,1,3,2,0,1,25.0,23.25,2.0
302,0,3,0,0,1,19.0,0.0,3.0
303,1,2,0,0,0,28.0,12.35,2.0
304,0,3,0,0,1,25.0,8.05,3.0
305,1,1,1,2,1,0.92,151.55,3.0
306,1,1,0,0,0,35.0,110.8833,1.0
307,1,1,1,0,0,17.0,108.9,1.0
308,0,2,1,0,1,30.0,24.0,1.0
309,1,1,0,0,0,30.0,56.9292,1.0
310,1,1,0,0,0,24.0,83.1583,1.0
311,1,1,2,2,0,18.0,262.375,1.0
312,0,2,1,1,0,26.0,26.0,3.0
313,0,3,0,0,1,28.0,7.8958,3.0
314,0,2,1,1,1,43.0,26.25,3.0
315,1,3,0,0,0,26.0,7.8542,3.0
316,1,2,1,0,0,24.0,26.0,3.0
317,0,2,0,0,1,54.0,14.0,3.0
318,1,1,0,2,0,31.0,164.8667,3.0
319,1,1,1,1,0,40.0,134.5,1.0
320,0,3,0,0,1,22.0,7.25,3.0
321,0,3,0,0,1,27.0,7.8958,3.0
322,1,2,0,0,0,30.0,12.35,2.0
323,1,2,1,1,0,22.0,29.0,3.0
324,0,3,8,2,1,25.0,69.55,3.0
325,1,1,0,0,0,36.0,135.6333,1.0
326,0,3,0,0,1,61.0,6.2375,3.0
327,1,2,0,0,0,36.0,13.0,3.0
328,1,3,1,1,0,31.0,20.525,3.0
329,1,1,0,1,0,16.0,57.9792,1.0
330,1,3,2,0,0,21.5,23.25,2.0
331,0,1,0,0,1,45.5,28.5,3.0
332,0,1,0,1,1,38.0,153.4625,3.0
333,0,3,2,0,1,16.0,18.0,3.0
334,1,1,1,0,0,35.0,133.65,3.0
335,0,3,0,0,1,25.0,7.8958,3.0
336,0,1,1,0,1,29.0,66.6,3.0
337,1,1,0,0,0,41.0,134.5,1.0
338,1,3,0,0,1,45.0,8.05,3.0
339,0,1,0,0,1,45.0,35.5,3.0
340,1,2,1,1,1,2.0,26.0,3.0
341,1,1,3,2,0,24.0,263.0,3.0
342,0,2,0,0,1,28.0,13.0,3.0
343,0,2,0,0,1,25.0,13.0,3.0
344,0,2,0,0,1,36.0,13.0,3.0
345,1,2,0,0,0,24.0,13.0,3.0
346,1,2,0,0,0,40.0,13.0,3.0
347,1,3,1,0,0,21.5,16.1,3.0
348,1,3,1,1,1,3.0,15.9,3.0
349,0,3,0,0,1,42.0,8.6625,3.0
350,0,3,0,0,1,23.0,9.225,3.0
351,0,1,0,0,1,40.0,35.0,3.0
352,0,3,1,1,1,15.0,7.2292,1.0
353,0,3,1,0,1,25.0,17.8,3.0
354,0,3,0,0,1,25.0,7.225,1.0
355,0,3,0,0,1,28.0,9.5,3.0
356,1,1,0,1,0,22.0,55.0,3.0
357,0,2,0,0,0,38.0,13.0,3.0
358,1,3,0,0,0,21.5,7.8792,2.0
359,1,3,0,0,0,21.5,7.8792,2.0
360,0,3,1,4,1,40.0,27.9,3.0
361,0,2,1,0,1,29.0,27.7208,1.0
362,0,3,0,1,0,45.0,14.4542,1.0
363,0,3,0,0,1,35.0,7.05,3.0
364,0,3,1,0,1,25.0,15.5,2.0
365,0,3,0,0,1,30.0,7.25,3.0
366,1,1,1,0,0,60.0,75.25,1.0
367,1,3,0,0,0,21.5,7.2292,1.0
368,1,3,0,0,0,21.5,7.75,2.0
369,1,1,0,0,0,24.0,69.3,1.0
370,1,1,1,0,1,25.0,55.4417,1.0
371,0,3,1,0,1,18.0,6.4958,3.0
372,0,3,0,0,1,19.0,8.05,3.0
373,0,1,0,0,1,22.0,135.6333,1.0
374,0,3,3,1,0,3.0,21.075,3.0
375,1,1,1,0,0,35.0,82.1708,1.0
376,1,3,0,0,0,22.0,7.25,3.0
377,0,1,0,2,1,27.0,211.5,1.0
378,0,3,0,0,1,20.0,4.0125,1.0
379,0,3,0,0,1,19.0,7.775,3.0
380,1,1,0,0,0,42.0,227.525,1.0
381,1,3,0,2,0,1.0,15.7417,1.0
382,0,3,0,0,1,32.0,7.925,3.0
383,1,1,1,0,0,35.0,52.0,3.0
384,0,3,0,0,1,25.0,7.8958,3.0
385,0,2,0,0,1,18.0,73.5,3.0
386,0,3,5,2,1,1.0,46.9,3.0
387,1,2,0,0,0,36.0,13.0,3.0
388,0,3,0,0,1,25.0,7.7292,2.0
389,1,2,0,0,0,17.0,12.0,1.0
390,1,1,1,2,1,36.0,120.0,3.0
391,1,3,0,0,1,21.0,7.7958,3.0
392,0,3,2,0,1,28.0,7.925,3.0
393,1,1,1,0,0,23.0,113.275,1.0
394,1,3,0,2,0,24.0,16.7,3.0
395,0,3,0,0,1,22.0,7.7958,3.0
396,0,3,0,0,0,31.0,7.8542,3.0
397,0,2,0,0,1,46.0,26.0,3.0
398,0,2,0,0,1,23.0,10.5,3.0
399,1,2,0,0,0,28.0,12.65,3.0
400,1,3,0,0,1,39.0,7.925,3.0
401,0,3,0,0,1,26.0,8.05,3.0
402,0,3,1,0,0,21.0,9.825,3.0
403,0,3,1,0,1,28.0,15.85,3.0
404,0,3,0,0,0,20.0,8.6625,3.0
405,0,2,1,0,1,34.0,21.0,3.0
406,0,3,0,0,1,51.0,7.75,3.0
407,1,2,1,1,1,3.0,18.75,3.0
408,0,3,0,0,1,21.0,7.775,3.0
409,0,3,3,1,0,21.5,25.4667,3.0
410,0,3,0,0,1,25.0,7.8958,3.0
411,0,3,0,0,1,25.0,6.8583,2.0
412,1,1,1,0,0,33.0,90.0,2.0
413,0,2,0,0,1,30.0,0.0,3.0
414,1,3,0,0,1,44.0,7.925,3.0
415,0,3,0,0,0,21.5,8.05,3.0
416,1,2,1,1,0,34.0,32.5,3.0
417,1,2,0,2,0,18.0,13.0,3.0
418,0,2,0,0,1,30.0,13.0,3.0
419,0,3,0,2,0,10.0,24.15,3.0
420,0,3,0,0,1,25.0,7.8958,1.0
421,0,3,0,0,1,21.0,7.7333,2.0
422,0,3,0,0,1,29.0,7.875,3.0
423,0,3,1,1,0,28.0,14.4,3.0
424,0,3,1,1,1,18.0,20.2125,3.0
425,0,3,0,0,1,25.0,7.25,3.0
426,1,2,1,0,0,28.0,26.0,3.0
427,1,2,0,0,0,19.0,26.0,3.0
428,0,3,0,0,1,25.0,7.75,2.0
429,1,3,0,0,1,32.0,8.05,3.0
430,1,1,0,0,1,28.0,26.55,3.0
431,1,3,1,0,0,21.5,16.1,3.0
432,1,2,1,0,0,42.0,26.0,3.0
433,0,3,0,0,1,17.0,7.125,3.0
434,0,1,1,0,1,50.0,55.9,3.0
435,1,1,1,2,0,14.0,120.0,3.0
436,0,3,2,2,0,21.0,34.375,3.0
437,1,2,2,3,0,24.0,18.75,3.0
438,0,1,1,4,1,64.0,263.0,3.0
439,0,2,0,0,1,31.0,10.5,3.0
440,1,2,1,1,0,45.0,26.25,3.0
441,0,3,0,0,1,20.0,9.5,3.0
442,0,3,1,0,1,25.0,7.775,3.0
443,1,2,0,0,0,28.0,13.0,3.0
444,1,3,0,0,1,25.0,8.1125,3.0
445,1,1,0,2,1,4.0,81.8583,3.0
446,1,2,0,1,0,13.0,19.5,3.0
447,1,1,0,0,1,34.0,26.55,3.0
448,1,3,2,1,0,5.0,19.2583,1.0
449,1,1,0,0,1,52.0,30.5,3.0
450,0,2,1,2,1,36.0,27.75,3.0
451,0,3,1,0,1,25.0,19.9667,3.0
452,0,1,0,0,1,30.0,27.75,1.0
453,1,1,1,0,1,49.0,89.1042,1.0
454,0,3,0,0,1,25.0,8.05,3.0
455,1,3,0,0,1,29.0,7.8958,1.0
456,0,1,0,0,1,65.0,26.55,3.0
457,1,1,1,0,0,35.0,51.8625,3.0
458,1,2,0,0,0,50.0,10.5,3.0
459,0,3,0,0,1,25.0,7.75,2.0
460,1,1,0,0,1,48.0,26.55,3.0
461,0,3,0,0,1,34.0,8.05,3.0
462,0,1,0,0,1,47.0,38.5,3.0
463,0,2,0,0,1,48.0,13.0,3.0
464,0,3,0,0,1,25.0,8.05,3.0
465,0,3,0,0,1,38.0,7.05,3.0
466,0,2,0,0,1,30.0,0.0,3.0
467,0,1,0,0,1,56.0,26.55,3.0
468,0,3,0,0,1,25.0,7.725,2.0
469,1,3,2,1,0,0.75,19.2583,1.0
470,0,3,0,0,1,25.0,7.25,3.0
471,0,3,0,0,1,38.0,8.6625,3.0
472,1,2,1,2,0,33.0,27.75,3.0
473,1,2,0,0,0,23.0,13.7917,1.0
474,0,3,0,0,0,22.0,9.8375,3.0
475,0,1,0,0,1,40.0,52.0,3.0
476,0,2,1,0,1,34.0,21.0,3.0
477,0,3,1,0,1,29.0,7.0458,3.0
478,0,3,0,0,1,22.0,7.5208,3.0
479,1,3,0,1,0,2.0,12.2875,3.0
480,0,3,5,2,1,9.0,46.9,3.0
481,0,2,0,0,1,30.0,0.0,3.0
482,0,3,0,0,1,50.0,8.05,3.0
483,1,3,0,0,0,63.0,9.5875,3.0
484,1,1,1,0,1,25.0,91.0792,1.0
485,0,3,3,1,0,21.5,25.4667,3.0
486,1,1,1,0,0,35.0,90.0,3.0
487,0,1,0,0,1,58.0,29.7,1.0
488,0,3,0,0,1,30.0,8.05,3.0
489,1,3,1,1,1,9.0,15.9,3.0
490,0,3,1,0,1,25.0,19.9667,3.0
491,0,3,0,0,1,21.0,7.25,3.0
492,0,1,0,0,1,55.0,30.5,3.0
493,0,1,0,0,1,71.0,49.5042,1.0
494,0,3,0,0,1,21.0,8.05,3.0
495,0,3,0,0,1,25.0,14.4583,1.0
496,1,1,1,0,0,54.0,78.2667,1.0
497,0,3,0,0,1,25.0,15.1,3.0
498,0,1,1,2,0,25.0,151.55,3.0
499,0,3,0,0,1,24.0,7.7958,3.0
500,0,3,0,0,1,17.0,8.6625,3.0
501,0,3,0,0,0,21.0,7.75,2.0
502,0,3,0,0,0,21.5,7.6292,2.0
503,0,3,0,0,0,37.0,9.5875,3.0
504,1,1,0,0,0,16.0,86.5,3.0
505,0,1,1,0,1,18.0,108.9,1.0
506,1,2,0,2,0,33.0,26.0,3.0
507,1,1,0,0,1,40.0,26.55,3.0
508,0,3,0,0,1,28.0,22.525,3.0
509,1,3,0,0,1,26.0,56.4958,3.0
510,1,3,0,0,1,29.0,7.75,2.0
511,0,3,0,0,1,25.0,8.05,3.0
512,1,1,0,0,1,36.0,26.2875,3.0
513,1,1,1,0,0,54.0,59.4,1.0
514,0,3,0,0,1,24.0,7.4958,3.0
515,0,1,0,0,1,47.0,34.0208,3.0
516,1,2,0,0,0,34.0,10.5,3.0
517,0,3,0,0,1,25.0,24.15,2.0
518,1,2,1,0,0,36.0,26.0,3.0
519,0,3,0,0,1,32.0,7.8958,3.0
520,1,1,0,0,0,30.0,93.5,3.0
521,0,3,0,0,1,22.0,7.8958,3.0
522,0,3,0,0,1,25.0,7.225,1.0
523,1,1,0,1,0,44.0,57.9792,1.0
524,0,3,0,0,1,25.0,7.2292,1.0
525,0,3,0,0,1,40.5,7.75,2.0
526,1,2,0,0,0,50.0,10.5,3.0
527,0,1,0,0,1,40.0,221.7792,3.0
528,0,3,0,0,1,39.0,7.925,3.0
529,0,2,2,1,1,23.0,11.5,3.0
530,1,2,1,1,0,2.0,26.0,3.0
531,0,3,0,0,1,25.0,7.2292,1.0
532,0,3,1,1,1,17.0,7.2292,1.0
533,1,3,0,2,0,21.5,22.3583,1.0
534,0,3,0,0,0,30.0,8.6625,3.0
535,1,2,0,2,0,7.0,26.25,3.0
536,0,1,0,0,1,45.0,26.55,3.0
537,1,1,0,0,0,30.0,106.425,1.0
538,0,3,0,0,1,25.0,14.5,3.0
539,1,1,0,2,0,22.0,49.5,1.0
540,1,1,0,2,0,36.0,71.0,3.0
541,0,3,4,2,0,9.0,31.275,3.0
542,0,3,4,2,0,11.0,31.275,3.0
543,1,2,1,0,1,32.0,26.0,3.0
544,0,1,1,0,1,50.0,106.425,1.0
545,0,1,0,0,1,64.0,26.0,3.0
546,1,2,1,0,0,19.0,26.0,3.0
547,1,2,0,0,1,30.0,13.8625,1.0
548,0,3,1,1,1,33.0,20.525,3.0
549,1,2,1,1,1,8.0,36.75,3.0
550,1,1,0,2,1,17.0,110.8833,1.0
551,0,2,0,0,1,27.0,26.0,3.0
552,0,3,0,0,1,25.0,7.8292,2.0
553,1,3,0,0,1,22.0,7.225,1.0
554,1,3,0,0,0,22.0,7.775,3.0
555,0,1,0,0,1,62.0,26.55,3.0
556,1,1,1,0,0,48.0,39.6,1.0
557,0,1,0,0,1,40.0,227.525,1.0
558,1,1,1,1,0,39.0,79.65,3.0
559,1,3,1,0,0,36.0,17.4,3.0
560,0,3,0,0,1,25.0,7.75,2.0
561,0,3,0,0,1,40.0,7.8958,3.0
562,0,2,0,0,1,28.0,13.5,3.0
563,0,3,0,0,1,25.0,8.05,3.0
564,0,3,0,0,0,21.5,8.05,3.0
565,0,3,2,0,1,24.0,24.15,3.0
566,0,3,0,0,1,19.0,7.8958,3.0
567,0,3,0,4,0,29.0,21.075,3.0
568,0,3,0,0,1,25.0,7.2292,1.0
569,1,3,0,0,1,32.0,7.8542,3.0
570,1,2,0,0,1,62.0,10.5,3.0
571,1,1,2,0,0,53.0,51.4792,3.0
572,1,1,0,0,1,36.0,26.3875,3.0
573,1,3,0,0,0,21.5,7.75,2.0
574,0,3,0,0,1,16.0,8.05,3.0
575,0,3,0,0,1,19.0,14.5,3.0
576,1,2,0,0,0,34.0,13.0,3.0
577,1,1,1,0,0,39.0,55.9,3.0
578,0,3,1,0,0,21.5,14.4583,1.0
579,1,3,0,0,1,32.0,7.925,3.0
580,1,2,1,1,0,25.0,30.0,3.0
581,1,1,1,1,0,39.0,110.8833,1.0
582,0,2,0,0,1,54.0,26.0,3.0
583,0,1,0,0,1,36.0,40.125,1.0
584,0,3,0,0,1,25.0,8.7125,1.0
585,1,1,0,2,0,18.0,79.65,3.0
586,0,2,0,0,1,47.0,15.0,3.0
587,1,1,1,1,1,60.0,79.2,1.0
588,0,3,0,0,1,22.0,8.05,3.0
589,0,3,0,0,1,25.0,8.05,3.0
590,0,3,0,0,1,35.0,7.125,3.0
591,1,1,1,0,0,52.0,78.2667,1.0
592,0,3,0,0,1,47.0,7.25,3.0
593,0,3,0,2,0,21.5,7.75,2.0
594,0,2,1,0,1,37.0,26.0,3.0
595,0,3,1,1,1,36.0,24.15,3.0
596,1,2,0,0,0,28.0,33.0,3.0
597,0,3,0,0,1,49.0,0.0,3.0
598,0,3,0,0,1,25.0,7.225,1.0
599,1,1,1,0,1,49.0,56.9292,1.0
600,1,2,2,1,0,24.0,27.0,3.0
601,0,3,0,0,1,25.0,7.8958,3.0
602,0,1,0,0,1,40.0,42.4,3.0
603,0,3,0,0,1,44.0,8.05,3.0
604,1,1,0,0,1,35.0,26.55,1.0
605,0,3,1,0,1,36.0,15.55,3.0
606,0,3,0,0,1,30.0,7.8958,3.0
607,1,1,0,0,1,27.0,30.5,3.0
608,1,2,1,2,0,22.0,41.5792,1.0
609,1,1,0,0,0,40.0,153.4625,3.0
610,0,3,1,5,0,39.0,31.275,3.0
611,0,3,0,0,1,25.0,7.05,3.0
612,1,3,1,0,0,21.5,15.5,2.0
613,0,3,0,0,1,25.0,7.75,2.0
614,0,3,0,0,1,35.0,8.05,3.0
615,1,2,1,2,0,24.0,65.0,3.0
616,0,3,1,1,1,34.0,14.4,3.0
617,0,3,1,0,0,26.0,16.1,3.0
618,1,2,2,1,0,4.0,39.0,3.0
619,0,2,0,0,1,26.0,10.5,3.0
620,0,3,1,0,1,27.0,14.4542,1.0
621,1,1,1,0,1,42.0,52.5542,3.0
622,1,3,1,1,1,20.0,15.7417,1.0
623,0,3,0,0,1,21.0,7.8542,3.0
624,0,3,0,0,1,21.0,16.1,3.0
625,0,1,0,0,1,61.0,32.3208,3.0
626,0,2,0,0,1,57.0,12.35,2.0
627,1,1,0,0,0,21.0,77.9583,3.0
628,0,3,0,0,1,26.0,7.8958,3.0
629,0,3,0,0,1,25.0,7.7333,2.0
630,1,1,0,0,1,80.0,30.0,3.0
631,0,3,0,0,1,51.0,7.0542,3.0
632,1,1,0,0,1,32.0,30.5,1.0
633,0,1,0,0,1,40.0,0.0,3.0
634,0,3,3,2,0,9.0,27.9,3.0
635,1,2,0,0,0,28.0,13.0,3.0
636,0,3,0,0,1,32.0,7.925,3.0
637,0,2,1,1,1,31.0,26.25,3.0
638,0,3,0,5,0,41.0,39.6875,3.0
639,0,3,1,0,1,25.0,16.1,3.0
640,0,3,0,0,1,20.0,7.8542,3.0
641,1,1,0,0,0,24.0,69.3,1.0
642,0,3,3,2,0,2.0,27.9,3.0
643,1,3,0,0,1,25.0,56.4958,3.0
644,1,3,2,1,0,0.75,19.2583,1.0
645,1,1,1,0,1,48.0,76.7292,1.0
646,0,3,0,0,1,19.0,7.8958,3.0
647,1,1,0,0,1,56.0,35.5,1.0
648,0,3,0,0,1,25.0,7.55,3.0
649,1,3,0,0,0,23.0,7.55,3.0
650,0,3,0,0,1,25.0,7.8958,3.0
651,1,2,0,1,0,18.0,23.0,3.0
652,0,3,0,0,1,21.0,8.4333,3.0
653,1,3,0,0,0,21.5,7.8292,2.0
654,0,3,0,0,0,18.0,6.75,2.0
655,0,2,2,0,1,24.0,73.5,3.0
656,0,3,0,0,1,25.0,7.8958,3.0
657,0,3,1,1,0,32.0,15.5,2.0
658,0,2,0,0,1,23.0,13.0,3.0
659,0,1,0,2,1,58.0,113.275,1.0
660,1,1,2,0,1,50.0,133.65,3.0
661,0,3,0,0,1,40.0,7.225,1.0
662,0,1,0,0,1,47.0,25.5875,3.0
663,0,3,0,0,1,36.0,7.4958,3.0
664,1,3,1,0,1,20.0,7.925,3.0
665,0,2,2,0,1,32.0,73.5,3.0
666,0,2,0,0,1,25.0,13.0,3.0
667,0,3,0,0,1,25.0,7.775,3.0
668,0,3,0,0,1,43.0,8.05,3.0
669,1,1,1,0,0,35.0,52.0,3.0
670,1,2,1,1,0,40.0,39.0,3.0
671,0,1,1,0,1,31.0,52.0,3.0
672,0,2,0,0,1,70.0,10.5,3.0
673,1,2,0,0,1,31.0,13.0,3.0
674,0,2,0,0,1,30.0,0.0,3.0
675,0,3,0,0,1,18.0,7.775,3.0
676,0,3,0,0,1,24.5,8.05,3.0
677,1,3,0,0,0,18.0,9.8417,3.0
678,0,3,1,6,0,43.0,46.9,3.0
679,1,1,0,1,1,36.0,512.3292,1.0
680,0,3,0,0,0,21.5,8.1375,2.0
681,1,1,0,0,1,27.0,76.7292,1.0
682,0,3,0,0,1,20.0,9.225,3.0
683,0,3,5,2,1,14.0,46.9,3.0
684,0,2,1,1,1,60.0,39.0,3.0
685,0,2,1,2,1,25.0,41.5792,1.0
686,0,3,4,1,1,14.0,39.6875,3.0
687,0,3,0,0,1,19.0,10.1708,3.0
688,0,3,0,0,1,18.0,7.7958,3.0
689,1,1,0,1,0,15.0,211.3375,3.0
690,1,1,1,0,1,31.0,57.0,3.0
691,1,3,0,1,0,4.0,13.4167,1.0
692,1,3,0,0,1,25.0,56.4958,3.0
693,0,3,0,0,1,25.0,7.225,1.0
694,0,1,0,0,1,60.0,26.55,3.0
695,0,2,0,0,1,52.0,13.5,3.0
696,0,3,0,0,1,44.0,8.05,3.0
697,1,3,0,0,0,21.5,7.7333,2.0
698,0,1,1,1,1,49.0,110.8833,1.0
699,0,3,0,0,1,42.0,7.65,3.0
700,1,1,1,0,0,18.0,227.525,1.0
701,1,1,0,0,1,35.0,26.2875,3.0
702,0,3,0,1,0,18.0,14.4542,1.0
703,0,3,0,0,1,25.0,7.7417,2.0
704,0,3,1,0,1,26.0,7.8542,3.0
705,0,2,0,0,1,39.0,26.0,3.0
706,1,2,0,0,0,45.0,13.5,3.0
707,1,1,0,0,1,42.0,26.2875,3.0
708,1,1,0,0,0,22.0,151.55,3.0
709,1,3,1,1,1,25.0,15.2458,1.0
710,1,1,0,0,0,24.0,49.5042,1.0
711,0,1,0,0,1,40.0,26.55,3.0
712,1,1,1,0,1,48.0,52.0,3.0
713,0,3,0,0,1,29.0,9.4833,3.0
714,0,2,0,0,1,52.0,13.0,3.0
715,0,3,0,0,1,19.0,7.65,3.0
716,1,1,0,0,0,38.0,227.525,1.0
717,1,2,0,0,0,27.0,10.5,3.0
718,0,3,0,0,1,25.0,15.5,2.0
719,0,3,0,0,1,33.0,7.775,3.0
720,1,2,0,1,0,6.0,33.0,3.0
721,0,3,1,0,1,17.0,7.0542,3.0
722,0,2,0,0,1,34.0,13.0,3.0
723,0,2,0,0,1,50.0,13.0,3.0
724,1,1,1,0,1,27.0,53.1,3.0
725,0,3,0,0,1,20.0,8.6625,3.0
726,1,2,3,0,0,30.0,21.0,3.0
727,1,3,0,0,0,21.5,7.7375,2.0
728,0,2,1,0,1,25.0,26.0,3.0
729,0,3,1,0,0,25.0,7.925,3.0
730,1,1,0,0,0,29.0,211.3375,3.0
731,0,3,0,0,1,11.0,18.7875,1.0
732,0,2,0,0,1,30.0,0.0,3.0
733,0,2,0,0,1,23.0,13.0,3.0
734,0,2,0,0,1,23.0,13.0,3.0
735,0,3,0,0,1,28.5,16.1,3.0
736,0,3,1,3,0,48.0,34.375,3.0
737,1,1,0,0,1,35.0,512.3292,1.0
738,0,3,0,0,1,25.0,7.8958,3.0
739,0,3,0,0,1,25.0,7.8958,3.0
740,1,1,0,0,1,40.0,30.0,3.0
741,0,1,1,0,1,36.0,78.85,3.0
742,1,1,2,2,0,21.0,262.375,1.0
743,0,3,1,0,1,24.0,16.1,3.0
744,1,3,0,0,1,31.0,7.925,3.0
745,0,1,1,1,1,70.0,71.0,3.0
746,0,3,1,1,1,16.0,20.25,3.0
747,1,2,0,0,0,30.0,13.0,3.0
748,0,1,1,0,1,19.0,53.1,3.0
749,0,3,0,0,1,31.0,7.75,2.0
750,1,2,1,1,0,4.0,23.0,3.0
751,1,3,0,1,1,6.0,12.475,3.0
752,0,3,0,0,1,33.0,9.5,3.0
753,0,3,0,0,1,23.0,7.8958,3.0
754,1,2,1,2,0,48.0,65.0,3.0
755,1,2,1,1,1,0.67,14.5,3.0
756,0,3,0,0,1,28.0,7.7958,3.0
757,0,2,0,0,1,18.0,11.5,3.0
758,0,3,0,0,1,34.0,8.05,3.0
759,1,1,0,0,0,33.0,86.5,3.0
760,0,3,0,0,1,25.0,14.5,3.0
761,0,3,0,0,1,41.0,7.125,3.0
762,1,3,0,0,1,20.0,7.2292,1.0
763,1,1,1,2,0,36.0,120.0,3.0
764,0,3,0,0,1,16.0,7.775,3.0
765,1,1,1,0,0,51.0,77.9583,3.0
766,0,1,0,0,1,40.0,39.6,1.0
767,0,3,0,0,0,30.5,7.75,2.0
768,0,3,1,0,1,25.0,24.15,2.0
769,0,3,0,0,1,32.0,8.3625,3.0
770,0,3,0,0,1,24.0,9.5,3.0
771,0,3,0,0,1,48.0,7.8542,3.0
772,0,2,0,0,0,57.0,10.5,3.0
773,0,3,0,0,1,25.0,7.225,1.0
774,1,2,1,3,0,54.0,23.0,3.0
775,0,3,0,0,1,18.0,7.75,3.0
776,0,3,0,0,1,25.0,7.75,2.0
777,1,3,0,0,0,5.0,12.475,3.0
778,0,3,0,0,1,25.0,7.7375,2.0
779,1,1,0,1,0,43.0,211.3375,3.0
780,1,3,0,0,0,13.0,7.2292,1.0
781,1,1,1,0,0,17.0,57.0,3.0
782,0,1,0,0,1,29.0,30.0,3.0
783,0,3,1,2,1,25.0,23.45,3.0
784,0,3,0,0,1,25.0,7.05,3.0
785,0,3,0,0,1,25.0,7.25,3.0
786,1,3,0,0,0,18.0,7.4958,3.0
787,0,3,4,1,1,8.0,29.125,2.0
788,1,3,1,2,1,1.0,20.575,3.0
789,0,1,0,0,1,46.0,79.2,1.0
790,0,3,0,0,1,25.0,7.75,2.0
791,0,2,0,0,1,16.0,26.0,3.0
792,0,3,8,2,0,21.5,69.55,3.0
793,0,1,0,0,1,40.0,30.6958,1.0
794,0,3,0,0,1,25.0,7.8958,3.0
795,0,2,0,0,1,39.0,13.0,3.0
796,1,1,0,0,0,49.0,25.9292,3.0
797,1,3,0,0,0,31.0,8.6833,3.0
798,0,3,0,0,1,30.0,7.2292,1.0
799,0,3,1,1,0,30.0,24.15,3.0
800,0,2,0,0,1,34.0,13.0,3.0
801,1,2,1,1,0,31.0,26.25,3.0
802,1,1,1,2,1,11.0,120.0,3.0
803,1,3,0,1,1,0.42,8.5167,1.0
804,1,3,0,0,1,27.0,6.975,3.0
805,0,3,0,0,1,31.0,7.775,3.0
806,0,1,0,0,1,39.0,0.0,3.0
807,0,3,0,0,0,18.0,7.775,3.0
808,0,2,0,0,1,39.0,13.0,3.0
809,1,1,1,0,0,33.0,53.1,3.0
810,0,3,0,0,1,26.0,7.8875,3.0
811,0,3,0,0,1,39.0,24.15,3.0
812,0,2,0,0,1,35.0,10.5,3.0
813,0,3,4,2,0,6.0,31.275,3.0
814,0,3,0,0,1,30.5,8.05,3.0
815,0,1,0,0,1,40.0,0.0,3.0
816,0,3,0,0,0,23.0,7.925,3.0
817,0,2,1,1,1,31.0,37.0042,1.0
818,0,3,0,0,1,43.0,6.45,3.0
819,0,3,3,2,1,10.0,27.9,3.0
820,1,1,1,1,0,52.0,93.5,3.0
821,1,3,0,0,1,27.0,8.6625,3.0
822,0,1,0,0,1,38.0,0.0,3.0
823,1,3,0,1,0,27.0,12.475,3.0
824,0,3,4,1,1,2.0,39.6875,3.0
825,0,3,0,0,1,25.0,6.95,2.0
826,0,3,0,0,1,25.0,56.4958,3.0
827,1,2,0,2,1,1.0,37.0042,1.0
828,1,3,0,0,1,25.0,7.75,2.0
829,1,1,0,0,0,62.0,80.0,3.0
830,1,3,1,0,0,15.0,14.4542,1.0
831,1,2,1,1,1,0.83,18.75,3.0
832,0,3,0,0,1,25.0,7.2292,1.0
833,0,3,0,0,1,23.0,7.8542,3.0
834,0,3,0,0,1,18.0,8.3,3.0
835,1,1,1,1,0,39.0,83.1583,1.0
836,0,3,0,0,1,21.0,8.6625,3.0
837,0,3,0,0,1,25.0,8.05,3.0
838,1,3,0,0,1,32.0,56.4958,3.0
839,1,1,0,0,1,40.0,29.7,1.0
840,0,3,0,0,1,20.0,7.925,3.0
841,0,2,0,0,1,16.0,10.5,3.0
842,1,1,0,0,0,30.0,31.0,1.0
843,0,3,0,0,1,34.5,6.4375,1.0
844,0,3,0,0,1,17.0,8.6625,3.0
845,0,3,0,0,1,42.0,7.55,3.0
846,0,3,8,2,1,25.0,69.55,3.0
847,0,3,0,0,1,35.0,7.8958,1.0
848,0,2,0,1,1,28.0,33.0,3.0
849,1,1,1,0,0,35.0,89.1042,1.0
850,0,3,4,2,1,4.0,31.275,3.0
851,0,3,0,0,1,74.0,7.775,3.0
852,0,3,1,1,0,9.0,15.2458,1.0
853,1,1,0,1,0,16.0,39.4,3.0
854,0,2,1,0,0,44.0,26.0,3.0
855,1,3,0,1,0,18.0,9.35,3.0
856,1,1,1,1,0,45.0,164.8667,3.0
857,1,1,0,0,1,51.0,26.55,3.0
858,1,3,0,3,0,24.0,19.2583,1.0
859,0,3,0,0,1,25.0,7.2292,1.0
860,0,3,2,0,1,41.0,14.1083,3.0
861,0,2,1,0,1,21.0,11.5,3.0
862,1,1,0,0,0,48.0,25.9292,3.0
863,0,3,8,2,0,21.5,69.55,3.0
864,0,2,0,0,1,24.0,13.0,3.0
865,1,2,0,0,0,42.0,13.0,3.0
866,1,2,1,0,0,27.0,13.8583,1.0
867,0,1,0,0,1,31.0,50.4958,3.0
868,0,3,0,0,1,25.0,9.5,3.0
869,1,3,1,1,1,4.0,11.1333,3.0
870,0,3,0,0,1,26.0,7.8958,3.0
871,1,1,1,1,0,47.0,52.5542,3.0
872,0,1,0,0,1,33.0,5.0,3.0
873,0,3,0,0,1,47.0,9.0,3.0
874,1,2,1,0,0,28.0,24.0,1.0
875,1,3,0,0,0,15.0,7.225,1.0
876,0,3,0,0,1,20.0,9.8458,3.0
877,0,3,0,0,1,19.0,7.8958,3.0
878,0,3,0,0,1,25.0,7.8958,3.0
879,1,1,0,1,0,56.0,83.1583,1.0
880,1,2,0,1,0,25.0,26.0,3.0
881,0,3,0,0,1,33.0,7.8958,3.0
882,0,3,0,0,0,22.0,10.5167,3.0
883,0,2,0,0,1,28.0,10.5,3.0
884,0,3,0,0,1,25.0,7.05,3.0
885,0,3,0,5,0,39.0,29.125,2.0
886,0,2,0,0,1,27.0,13.0,3.0
887,1,1,0,0,0,19.0,30.0,3.0
888,0,3,1,2,0,21.5,23.45,3.0
889,1,1,0,0,1,26.0,30.0,1.0
890,0,3,0,0,1,32.0,7.75,2.0
